DateKey,OrderDate,DateID,FullDateAlterKey,DayNumberOfWeek,DayNumberOfMonth,DayNumberOfYear,MonthNumberOfYear,CalendarYear,FiscalYear
1,2012-05-17 00:00:00,20120517,2012-05-17,5,17,138,5,2012,2012
2,2013-03-17 00:00:00,20130317,2013-03-17,1,17,76,3,2013,2013
3,2014-04-30 00:00:00,20140430,2014-04-30,4,30,120,4,2014,2014
4,2012-09-09 00:00:00,20120909,2012-09-09,1,9,253,9,2012,2012
5,2013-11-14 00:00:00,20131114,2013-11-14,5,14,318,11,2013,2013
6,2014-04-06 00:00:00,20140406,2014-04-06,1,6,96,4,2014,2014
7,2014-04-07 00:00:00,20140407,2014-04-07,2,7,97,4,2014,2014
8,2011-06-06 00:00:00,20110606,2011-06-06,2,6,157,6,2011,2011
9,2013-05-22 00:00:00,20130522,2013-05-22,4,22,142,5,2013,2013
10,2013-11-15 00:00:00,20131115,2013-11-15,6,15,319,11,2013,2013
11,2012-09-04 00:00:00,20120904,2012-09-04,3,4,248,9,2012,2012
12,2012-11-02 00:00:00,20121102,2012-11-02,6,2,307,11,2012,2012
13,2013-06-15 00:00:00,20130615,2013-06-15,7,15,166,6,2013,2013
14,2013-11-01 00:00:00,20131101,2013-11-01,6,1,305,11,2013,2013
15,2013-11-07 00:00:00,20131107,2013-11-07,5,7,311,11,2013,2013
16,2011-09-07 00:00:00,20110907,2011-09-07,4,7,250,9,2011,2011
17,2011-12-14 00:00:00,20111214,2011-12-14,4,14,348,12,2011,2011
18,2013-08-06 00:00:00,20130806,2013-08-06,3,6,218,8,2013,2013
19,2014-06-11 00:00:00,20140611,2014-06-11,4,11,162,6,2014,2014
20,2011-07-08 00:00:00,20110708,2011-07-08,6,8,189,7,2011,2011
21,2012-08-07 00:00:00,20120807,2012-08-07,3,7,220,8,2012,2012
22,2013-02-13 00:00:00,20130213,2013-02-13,4,13,44,2,2013,2013
23,2013-05-05 00:00:00,20130505,2013-05-05,1,5,125,5,2013,2013
24,2014-03-06 00:00:00,20140306,2014-03-06,5,6,65,3,2014,2014
25,2014-06-05 00:00:00,20140605,2014-06-05,5,5,156,6,2014,2014
26,2011-12-13 00:00:00,20111213,2011-12-13,3,13,347,12,2011,2011
27,2012-01-09 00:00:00,20120109,2012-01-09,2,9,9,1,2012,2012
28,2012-06-01 00:00:00,20120601,2012-06-01,6,1,153,6,2012,2012
29,2012-12-03 00:00:00,20121203,2012-12-03,2,3,338,12,2012,2012
30,2013-03-04 00:00:00,20130304,2013-03-04,2,4,63,3,2013,2013
31,2014-03-11 00:00:00,20140311,2014-03-11,3,11,70,3,2014,2014
32,2011-08-23 00:00:00,20110823,2011-08-23,3,23,235,8,2011,2011
33,2012-12-05 00:00:00,20121205,2012-12-05,4,5,340,12,2012,2012
34,2013-09-05 00:00:00,20130905,2013-09-05,5,5,248,9,2013,2013
35,2012-02-06 00:00:00,20120206,2012-02-06,2,6,37,2,2012,2012
36,2013-01-23 00:00:00,20130123,2013-01-23,4,23,23,1,2013,2013
37,2011-08-02 00:00:00,20110802,2011-08-02,3,2,214,8,2011,2011
38,2012-02-07 00:00:00,20120207,2012-02-07,3,7,38,2,2012,2012
39,2012-10-24 00:00:00,20121024,2012-10-24,4,24,298,10,2012,2012
40,2013-01-16 00:00:00,20130116,2013-01-16,4,16,16,1,2013,2013
41,2013-01-27 00:00:00,20130127,2013-01-27,1,27,27,1,2013,2013
42,2013-01-30 00:00:00,20130130,2013-01-30,4,30,30,1,2013,2013
43,2013-11-08 00:00:00,20131108,2013-11-08,6,8,312,11,2013,2013
44,2014-04-18 00:00:00,20140418,2014-04-18,6,18,108,4,2014,2014
45,2011-06-30 00:00:00,20110630,2011-06-30,5,30,181,6,2011,2011
46,2011-10-13 00:00:00,20111013,2011-10-13,5,13,286,10,2011,2011
47,2013-12-30 00:00:00,20131230,2013-12-30,2,30,364,12,2013,2013
48,2013-03-22 00:00:00,20130322,2013-03-22,6,22,81,3,2013,2013
49,2013-03-29 00:00:00,20130329,2013-03-29,6,29,88,3,2013,2013
50,2014-01-29 00:00:00,20140129,2014-01-29,4,29,29,1,2014,2014
51,2014-05-29 00:00:00,20140529,2014-05-29,5,29,149,5,2014,2014
52,2014-06-27 00:00:00,20140627,2014-06-27,6,27,178,6,2014,2014
53,2012-07-22 00:00:00,20120722,2012-07-22,1,22,204,7,2012,2012
54,2013-02-02 00:00:00,20130202,2013-02-02,7,2,33,2,2013,2013
55,2013-05-20 00:00:00,20130520,2013-05-20,2,20,140,5,2013,2013
56,2013-12-23 00:00:00,20131223,2013-12-23,2,23,357,12,2013,2013
57,2014-06-24 00:00:00,20140624,2014-06-24,3,24,175,6,2014,2014
58,2012-10-13 00:00:00,20121013,2012-10-13,7,13,287,10,2012,2012
59,2013-01-14 00:00:00,20130114,2013-01-14,2,14,14,1,2013,2013
60,2013-09-25 00:00:00,20130925,2013-09-25,4,25,268,9,2013,2013
61,2014-01-08 00:00:00,20140108,2014-01-08,4,8,8,1,2014,2014
62,2012-04-19 00:00:00,20120419,2012-04-19,5,19,110,4,2012,2012
63,2013-09-23 00:00:00,20130923,2013-09-23,2,23,266,9,2013,2013
64,2012-03-17 00:00:00,20120317,2012-03-17,7,17,77,3,2012,2012
65,2012-05-10 00:00:00,20120510,2012-05-10,5,10,131,5,2012,2012
66,2012-08-23 00:00:00,20120823,2012-08-23,5,23,236,8,2012,2012
67,2011-11-27 00:00:00,20111127,2011-11-27,1,27,331,11,2011,2011
68,2012-01-13 00:00:00,20120113,2012-01-13,6,13,13,1,2012,2012
69,2012-12-25 00:00:00,20121225,2012-12-25,3,25,360,12,2012,2012
70,2013-03-01 00:00:00,20130301,2013-03-01,6,1,60,3,2013,2013
71,2011-07-01 00:00:00,20110701,2011-07-01,6,1,182,7,2011,2011
72,2013-10-24 00:00:00,20131024,2013-10-24,5,24,297,10,2013,2013
73,2013-11-21 00:00:00,20131121,2013-11-21,5,21,325,11,2013,2013
74,2013-12-11 00:00:00,20131211,2013-12-11,4,11,345,12,2013,2013
75,2014-03-23 00:00:00,20140323,2014-03-23,1,23,82,3,2014,2014
76,2011-06-13 00:00:00,20110613,2011-06-13,2,13,164,6,2011,2011
77,2013-06-01 00:00:00,20130601,2013-06-01,7,1,152,6,2013,2013
78,2013-07-09 00:00:00,20130709,2013-07-09,3,9,190,7,2013,2013
79,2013-12-18 00:00:00,20131218,2013-12-18,4,18,352,12,2013,2013
80,2011-07-03 00:00:00,20110703,2011-07-03,1,3,184,7,2011,2011
81,2011-10-30 00:00:00,20111030,2011-10-30,1,30,303,10,2011,2011
82,2012-01-14 00:00:00,20120114,2012-01-14,7,14,14,1,2012,2012
83,2013-01-09 00:00:00,20130109,2013-01-09,4,9,9,1,2013,2013
84,2013-06-10 00:00:00,20130610,2013-06-10,2,10,161,6,2013,2013
85,2014-05-11 00:00:00,20140511,2014-05-11,1,11,131,5,2014,2014
86,2014-05-20 00:00:00,20140520,2014-05-20,3,20,140,5,2014,2014
87,2011-06-26 00:00:00,20110626,2011-06-26,1,26,177,6,2011,2011
88,2011-10-28 00:00:00,20111028,2011-10-28,6,28,301,10,2011,2011
89,2012-05-16 00:00:00,20120516,2012-05-16,4,16,137,5,2012,2012
90,2013-01-26 00:00:00,20130126,2013-01-26,7,26,26,1,2013,2013
91,2013-05-17 00:00:00,20130517,2013-05-17,6,17,137,5,2013,2013
92,2013-07-13 00:00:00,20130713,2013-07-13,7,13,194,7,2013,2013
93,2013-09-30 00:00:00,20130930,2013-09-30,2,30,273,9,2013,2013
94,2012-04-18 00:00:00,20120418,2012-04-18,4,18,109,4,2012,2012
95,2012-08-08 00:00:00,20120808,2012-08-08,4,8,221,8,2012,2012
96,2013-02-07 00:00:00,20130207,2013-02-07,5,7,38,2,2013,2013
97,2014-01-25 00:00:00,20140125,2014-01-25,7,25,25,1,2014,2014
98,2011-12-03 00:00:00,20111203,2011-12-03,7,3,337,12,2011,2011
99,2012-05-21 00:00:00,20120521,2012-05-21,2,21,142,5,2012,2012
100,2012-07-28 00:00:00,20120728,2012-07-28,7,28,210,7,2012,2012
101,2013-02-24 00:00:00,20130224,2013-02-24,1,24,55,2,2013,2013
102,2014-02-26 00:00:00,20140226,2014-02-26,4,26,57,2,2014,2014
103,2011-11-13 00:00:00,20111113,2011-11-13,1,13,317,11,2011,2011
104,2012-05-26 00:00:00,20120526,2012-05-26,7,26,147,5,2012,2012
105,2013-10-26 00:00:00,20131026,2013-10-26,7,26,299,10,2013,2013
106,2014-01-28 00:00:00,20140128,2014-01-28,3,28,28,1,2014,2014
107,2014-02-02 00:00:00,20140202,2014-02-02,1,2,33,2,2014,2014
108,2011-09-11 00:00:00,20110911,2011-09-11,1,11,254,9,2011,2011
109,2012-10-05 00:00:00,20121005,2012-10-05,6,5,279,10,2012,2012
110,2013-04-15 00:00:00,20130415,2013-04-15,2,15,105,4,2013,2013
111,2013-05-02 00:00:00,20130502,2013-05-02,5,2,122,5,2013,2013
112,2013-08-23 00:00:00,20130823,2013-08-23,6,23,235,8,2013,2013
113,2013-09-17 00:00:00,20130917,2013-09-17,3,17,260,9,2013,2013
114,2013-12-14 00:00:00,20131214,2013-12-14,7,14,348,12,2013,2013
115,2014-05-24 00:00:00,20140524,2014-05-24,7,24,144,5,2014,2014
116,2014-06-25 00:00:00,20140625,2014-06-25,4,25,176,6,2014,2014
117,2011-09-15 00:00:00,20110915,2011-09-15,5,15,258,9,2011,2011
118,2013-07-15 00:00:00,20130715,2013-07-15,2,15,196,7,2013,2013
119,2014-05-02 00:00:00,20140502,2014-05-02,6,2,122,5,2014,2014
120,2011-11-24 00:00:00,20111124,2011-11-24,5,24,328,11,2011,2011
121,2012-08-27 00:00:00,20120827,2012-08-27,2,27,240,8,2012,2012
122,2012-12-30 00:00:00,20121230,2012-12-30,1,30,365,12,2012,2012
123,2013-05-06 00:00:00,20130506,2013-05-06,2,6,126,5,2013,2013
124,2013-10-15 00:00:00,20131015,2013-10-15,3,15,288,10,2013,2013
125,2014-05-28 00:00:00,20140528,2014-05-28,4,28,148,5,2014,2014
126,2011-06-27 00:00:00,20110627,2011-06-27,2,27,178,6,2011,2011
127,2012-04-23 00:00:00,20120423,2012-04-23,2,23,114,4,2012,2012
128,2012-09-16 00:00:00,20120916,2012-09-16,1,16,260,9,2012,2012
129,2012-12-06 00:00:00,20121206,2012-12-06,5,6,341,12,2012,2012
130,2012-12-12 00:00:00,20121212,2012-12-12,4,12,347,12,2012,2012
131,2014-06-03 00:00:00,20140603,2014-06-03,3,3,154,6,2014,2014
132,2014-06-22 00:00:00,20140622,2014-06-22,1,22,173,6,2014,2014
133,2011-06-29 00:00:00,20110629,2011-06-29,4,29,180,6,2011,2011
134,2012-05-27 00:00:00,20120527,2012-05-27,1,27,148,5,2012,2012
135,2012-06-14 00:00:00,20120614,2012-06-14,5,14,166,6,2012,2012
136,2013-01-01 00:00:00,20130101,2013-01-01,3,1,1,1,2013,2013
137,2013-07-03 00:00:00,20130703,2013-07-03,4,3,184,7,2013,2013
138,2012-08-12 00:00:00,20120812,2012-08-12,1,12,225,8,2012,2012
139,2013-01-06 00:00:00,20130106,2013-01-06,1,6,6,1,2013,2013
140,2014-02-08 00:00:00,20140208,2014-02-08,7,8,39,2,2014,2014
141,2011-06-24 00:00:00,20110624,2011-06-24,6,24,175,6,2011,2011
142,2011-08-09 00:00:00,20110809,2011-08-09,3,9,221,8,2011,2011
143,2011-08-27 00:00:00,20110827,2011-08-27,7,27,239,8,2011,2011
144,2013-04-02 00:00:00,20130402,2013-04-02,3,2,92,4,2013,2013
145,2012-09-24 00:00:00,20120924,2012-09-24,2,24,268,9,2012,2012
146,2014-02-18 00:00:00,20140218,2014-02-18,3,18,49,2,2014,2014
147,2014-04-05 00:00:00,20140405,2014-04-05,7,5,95,4,2014,2014
148,2011-08-18 00:00:00,20110818,2011-08-18,5,18,230,8,2011,2011
149,2011-09-29 00:00:00,20110929,2011-09-29,5,29,272,9,2011,2011
150,2011-10-17 00:00:00,20111017,2011-10-17,2,17,290,10,2011,2011
151,2012-02-09 00:00:00,20120209,2012-02-09,5,9,40,2,2012,2012
152,2012-02-23 00:00:00,20120223,2012-02-23,5,23,54,2,2012,2012
153,2012-08-24 00:00:00,20120824,2012-08-24,6,24,237,8,2012,2012
154,2012-08-28 00:00:00,20120828,2012-08-28,3,28,241,8,2012,2012
155,2012-10-28 00:00:00,20121028,2012-10-28,1,28,302,10,2012,2012
156,2014-02-21 00:00:00,20140221,2014-02-21,6,21,52,2,2014,2014
157,2012-01-06 00:00:00,20120106,2012-01-06,6,6,6,1,2012,2012
158,2012-01-19 00:00:00,20120119,2012-01-19,5,19,19,1,2012,2012
159,2012-03-06 00:00:00,20120306,2012-03-06,3,6,66,3,2012,2012
160,2012-05-30 00:00:00,20120530,2012-05-30,4,30,151,5,2012,2012
161,2012-09-02 00:00:00,20120902,2012-09-02,1,2,246,9,2012,2012
162,2013-02-22 00:00:00,20130222,2013-02-22,6,22,53,2,2013,2013
163,2013-06-30 00:00:00,20130630,2013-06-30,1,30,181,6,2013,2013
164,2014-03-30 00:00:00,20140330,2014-03-30,1,30,89,3,2014,2014
165,2013-01-24 00:00:00,20130124,2013-01-24,5,24,24,1,2013,2013
166,2013-05-16 00:00:00,20130516,2013-05-16,5,16,136,5,2013,2013
167,2014-02-14 00:00:00,20140214,2014-02-14,6,14,45,2,2014,2014
168,2014-03-03 00:00:00,20140303,2014-03-03,2,3,62,3,2014,2014
169,2012-05-14 00:00:00,20120514,2012-05-14,2,14,135,5,2012,2012
170,2014-03-08 00:00:00,20140308,2014-03-08,7,8,67,3,2014,2014
171,2014-04-08 00:00:00,20140408,2014-04-08,3,8,98,4,2014,2014
172,2014-06-26 00:00:00,20140626,2014-06-26,5,26,177,6,2014,2014
173,2011-08-14 00:00:00,20110814,2011-08-14,1,14,226,8,2011,2011
174,2012-03-25 00:00:00,20120325,2012-03-25,1,25,85,3,2012,2012
175,2012-06-16 00:00:00,20120616,2012-06-16,7,16,168,6,2012,2012
176,2013-07-22 00:00:00,20130722,2013-07-22,2,22,203,7,2013,2013
177,2012-02-28 00:00:00,20120228,2012-02-28,3,28,59,2,2012,2012
178,2012-04-24 00:00:00,20120424,2012-04-24,3,24,115,4,2012,2012
179,2012-06-24 00:00:00,20120624,2012-06-24,1,24,176,6,2012,2012
180,2012-07-11 00:00:00,20120711,2012-07-11,4,11,193,7,2012,2012
181,2014-01-30 00:00:00,20140130,2014-01-30,5,30,30,1,2014,2014
182,2011-10-25 00:00:00,20111025,2011-10-25,3,25,298,10,2011,2011
183,2012-03-23 00:00:00,20120323,2012-03-23,6,23,83,3,2012,2012
184,2013-11-16 00:00:00,20131116,2013-11-16,7,16,320,11,2013,2013
185,2014-05-26 00:00:00,20140526,2014-05-26,2,26,146,5,2014,2014
186,2011-07-25 00:00:00,20110725,2011-07-25,2,25,206,7,2011,2011
187,2011-10-08 00:00:00,20111008,2011-10-08,7,8,281,10,2011,2011
188,2011-11-26 00:00:00,20111126,2011-11-26,7,26,330,11,2011,2011
189,2013-01-04 00:00:00,20130104,2013-01-04,6,4,4,1,2013,2013
190,2013-10-01 00:00:00,20131001,2013-10-01,3,1,274,10,2013,2013
191,2014-03-14 00:00:00,20140314,2014-03-14,6,14,73,3,2014,2014
192,2013-07-25 00:00:00,20130725,2013-07-25,5,25,206,7,2013,2013
193,2013-10-20 00:00:00,20131020,2013-10-20,1,20,293,10,2013,2013
194,2014-05-12 00:00:00,20140512,2014-05-12,2,12,132,5,2014,2014
195,2011-09-22 00:00:00,20110922,2011-09-22,5,22,265,9,2011,2011
196,2011-11-07 00:00:00,20111107,2011-11-07,2,7,311,11,2011,2011
197,2012-11-21 00:00:00,20121121,2012-11-21,4,21,326,11,2012,2012
198,2013-04-11 00:00:00,20130411,2013-04-11,5,11,101,4,2013,2013
199,2013-12-06 00:00:00,20131206,2013-12-06,6,6,340,12,2013,2013
200,2013-12-12 00:00:00,20131212,2013-12-12,5,12,346,12,2013,2013
201,2014-01-07 00:00:00,20140107,2014-01-07,3,7,7,1,2014,2014
202,2014-03-12 00:00:00,20140312,2014-03-12,4,12,71,3,2014,2014
203,2011-07-20 00:00:00,20110720,2011-07-20,4,20,201,7,2011,2011
204,2014-03-04 00:00:00,20140304,2014-03-04,3,4,63,3,2014,2014
205,2011-10-24 00:00:00,20111024,2011-10-24,2,24,297,10,2011,2011
206,2012-05-03 00:00:00,20120503,2012-05-03,5,3,124,5,2012,2012
207,2013-05-13 00:00:00,20130513,2013-05-13,2,13,133,5,2013,2013
208,2013-07-04 00:00:00,20130704,2013-07-04,5,4,185,7,2013,2013
209,2013-11-13 00:00:00,20131113,2013-11-13,4,13,317,11,2013,2013
210,2014-04-03 00:00:00,20140403,2014-04-03,5,3,93,4,2014,2014
211,2011-12-16 00:00:00,20111216,2011-12-16,6,16,350,12,2011,2011
212,2011-12-27 00:00:00,20111227,2011-12-27,3,27,361,12,2011,2011
213,2012-03-29 00:00:00,20120329,2012-03-29,5,29,89,3,2012,2012
214,2012-12-10 00:00:00,20121210,2012-12-10,2,10,345,12,2012,2012
215,2013-06-28 00:00:00,20130628,2013-06-28,6,28,179,6,2013,2013
216,2013-07-06 00:00:00,20130706,2013-07-06,7,6,187,7,2013,2013
217,2013-12-26 00:00:00,20131226,2013-12-26,5,26,360,12,2013,2013
218,2014-04-09 00:00:00,20140409,2014-04-09,4,9,99,4,2014,2014
219,2011-11-29 00:00:00,20111129,2011-11-29,3,29,333,11,2011,2011
220,2012-12-21 00:00:00,20121221,2012-12-21,6,21,356,12,2012,2012
221,2013-03-20 00:00:00,20130320,2013-03-20,4,20,79,3,2013,2013
222,2014-04-20 00:00:00,20140420,2014-04-20,1,20,110,4,2014,2014
223,2011-09-25 00:00:00,20110925,2011-09-25,1,25,268,9,2011,2011
224,2012-05-06 00:00:00,20120506,2012-05-06,1,6,127,5,2012,2012
225,2012-10-08 00:00:00,20121008,2012-10-08,2,8,282,10,2012,2012
226,2014-06-08 00:00:00,20140608,2014-06-08,1,8,159,6,2014,2014
227,2011-07-04 00:00:00,20110704,2011-07-04,2,4,185,7,2011,2011
228,2014-02-12 00:00:00,20140212,2014-02-12,4,12,43,2,2014,2014
229,2011-06-19 00:00:00,20110619,2011-06-19,1,19,170,6,2011,2011
230,2012-04-04 00:00:00,20120404,2012-04-04,4,4,95,4,2012,2012
231,2012-08-04 00:00:00,20120804,2012-08-04,7,4,217,8,2012,2012
232,2013-10-12 00:00:00,20131012,2013-10-12,7,12,285,10,2013,2013
233,2013-12-19 00:00:00,20131219,2013-12-19,5,19,353,12,2013,2013
234,2014-02-06 00:00:00,20140206,2014-02-06,5,6,37,2,2014,2014
235,2014-03-17 00:00:00,20140317,2014-03-17,2,17,76,3,2014,2014
236,2011-06-04 00:00:00,20110604,2011-06-04,7,4,155,6,2011,2011
237,2012-05-22 00:00:00,20120522,2012-05-22,3,22,143,5,2012,2012
238,2013-02-25 00:00:00,20130225,2013-02-25,2,25,56,2,2013,2013
239,2014-04-02 00:00:00,20140402,2014-04-02,4,2,92,4,2014,2014
240,2012-06-20 00:00:00,20120620,2012-06-20,4,20,172,6,2012,2012
241,2012-09-01 00:00:00,20120901,2012-09-01,7,1,245,9,2012,2012
242,2012-09-03 00:00:00,20120903,2012-09-03,2,3,247,9,2012,2012
243,2013-03-24 00:00:00,20130324,2013-03-24,1,24,83,3,2013,2013
244,2014-04-11 00:00:00,20140411,2014-04-11,6,11,101,4,2014,2014
245,2013-05-29 00:00:00,20130529,2013-05-29,4,29,149,5,2013,2013
246,2013-08-26 00:00:00,20130826,2013-08-26,2,26,238,8,2013,2013
247,2012-05-07 00:00:00,20120507,2012-05-07,2,7,128,5,2012,2012
248,2012-05-28 00:00:00,20120528,2012-05-28,2,28,149,5,2012,2012
249,2013-02-09 00:00:00,20130209,2013-02-09,7,9,40,2,2013,2013
250,2013-08-31 00:00:00,20130831,2013-08-31,7,31,243,8,2013,2013
251,2013-09-02 00:00:00,20130902,2013-09-02,2,2,245,9,2013,2013
252,2013-09-20 00:00:00,20130920,2013-09-20,6,20,263,9,2013,2013
253,2013-10-03 00:00:00,20131003,2013-10-03,5,3,276,10,2013,2013
254,2014-06-01 00:00:00,20140601,2014-06-01,1,1,152,6,2014,2014
255,2012-11-06 00:00:00,20121106,2012-11-06,3,6,311,11,2012,2012
256,2012-12-08 00:00:00,20121208,2012-12-08,7,8,343,12,2012,2012
257,2013-12-01 00:00:00,20131201,2013-12-01,1,1,335,12,2013,2013
258,2011-08-03 00:00:00,20110803,2011-08-03,4,3,215,8,2011,2011
259,2011-09-10 00:00:00,20110910,2011-09-10,7,10,253,9,2011,2011
260,2012-06-30 00:00:00,20120630,2012-06-30,7,30,182,6,2012,2012
261,2012-07-14 00:00:00,20120714,2012-07-14,7,14,196,7,2012,2012
262,2013-10-30 00:00:00,20131030,2013-10-30,4,30,303,10,2013,2013
263,2013-11-23 00:00:00,20131123,2013-11-23,7,23,327,11,2013,2013
264,2014-03-25 00:00:00,20140325,2014-03-25,3,25,84,3,2014,2014
265,2011-11-19 00:00:00,20111119,2011-11-19,7,19,323,11,2011,2011
266,2011-12-07 00:00:00,20111207,2011-12-07,4,7,341,12,2011,2011
267,2013-01-28 00:00:00,20130128,2013-01-28,2,28,28,1,2013,2013
268,2011-06-05 00:00:00,20110605,2011-06-05,1,5,156,6,2011,2011
269,2012-12-27 00:00:00,20121227,2012-12-27,5,27,362,12,2012,2012
270,2013-05-18 00:00:00,20130518,2013-05-18,7,18,138,5,2013,2013
271,2013-05-23 00:00:00,20130523,2013-05-23,5,23,143,5,2013,2013
272,2013-05-28 00:00:00,20130528,2013-05-28,3,28,148,5,2013,2013
273,2013-07-12 00:00:00,20130712,2013-07-12,6,12,193,7,2013,2013
274,2012-10-17 00:00:00,20121017,2012-10-17,4,17,291,10,2012,2012
275,2013-01-08 00:00:00,20130108,2013-01-08,3,8,8,1,2013,2013
276,2013-02-10 00:00:00,20130210,2013-02-10,1,10,41,2,2013,2013
277,2013-10-18 00:00:00,20131018,2013-10-18,6,18,291,10,2013,2013
278,2011-07-11 00:00:00,20110711,2011-07-11,2,11,192,7,2011,2011
279,2011-08-20 00:00:00,20110820,2011-08-20,7,20,232,8,2011,2011
280,2011-09-08 00:00:00,20110908,2011-09-08,5,8,251,9,2011,2011
281,2011-12-17 00:00:00,20111217,2011-12-17,7,17,351,12,2011,2011
282,2012-09-12 00:00:00,20120912,2012-09-12,4,12,256,9,2012,2012
283,2013-01-10 00:00:00,20130110,2013-01-10,5,10,10,1,2013,2013
284,2013-03-02 00:00:00,20130302,2013-03-02,7,2,61,3,2013,2013
285,2014-04-04 00:00:00,20140404,2014-04-04,6,4,94,4,2014,2014
286,2014-05-15 00:00:00,20140515,2014-05-15,5,15,135,5,2014,2014
287,2011-08-21 00:00:00,20110821,2011-08-21,1,21,233,8,2011,2011
288,2012-05-05 00:00:00,20120505,2012-05-05,7,5,126,5,2012,2012
289,2012-12-01 00:00:00,20121201,2012-12-01,7,1,336,12,2012,2012
290,2012-12-22 00:00:00,20121222,2012-12-22,7,22,357,12,2012,2012
291,2013-07-20 00:00:00,20130720,2013-07-20,7,20,201,7,2013,2013
292,2013-09-22 00:00:00,20130922,2013-09-22,1,22,265,9,2013,2013
293,2014-05-10 00:00:00,20140510,2014-05-10,7,10,130,5,2014,2014
294,2012-03-08 00:00:00,20120308,2012-03-08,5,8,68,3,2012,2012
295,2013-01-12 00:00:00,20130112,2013-01-12,7,12,12,1,2013,2013
296,2013-02-06 00:00:00,20130206,2013-02-06,4,6,37,2,2013,2013
297,2014-01-12 00:00:00,20140112,2014-01-12,1,12,12,1,2014,2014
298,2014-03-21 00:00:00,20140321,2014-03-21,6,21,80,3,2014,2014
299,2011-07-30 00:00:00,20110730,2011-07-30,7,30,211,7,2011,2011
300,2012-04-25 00:00:00,20120425,2012-04-25,4,25,116,4,2012,2012
301,2012-10-20 00:00:00,20121020,2012-10-20,7,20,294,10,2012,2012
302,2013-02-12 00:00:00,20130212,2013-02-12,3,12,43,2,2013,2013
303,2013-10-04 00:00:00,20131004,2013-10-04,6,4,277,10,2013,2013
304,2014-04-23 00:00:00,20140423,2014-04-23,4,23,113,4,2014,2014
305,2011-08-26 00:00:00,20110826,2011-08-26,6,26,238,8,2011,2011
306,2012-02-27 00:00:00,20120227,2012-02-27,2,27,58,2,2012,2012
307,2012-10-27 00:00:00,20121027,2012-10-27,7,27,301,10,2012,2012
308,2012-09-11 00:00:00,20120911,2012-09-11,3,11,255,9,2012,2012
309,2012-10-06 00:00:00,20121006,2012-10-06,7,6,280,10,2012,2012
310,2012-12-28 00:00:00,20121228,2012-12-28,6,28,363,12,2012,2012
311,2013-12-10 00:00:00,20131210,2013-12-10,3,10,344,12,2013,2013
312,2012-01-22 00:00:00,20120122,2012-01-22,1,22,22,1,2012,2012
313,2012-11-09 00:00:00,20121109,2012-11-09,6,9,314,11,2012,2012
314,2013-03-07 00:00:00,20130307,2013-03-07,5,7,66,3,2013,2013
315,2013-11-19 00:00:00,20131119,2013-11-19,3,19,323,11,2013,2013
316,2014-01-17 00:00:00,20140117,2014-01-17,6,17,17,1,2014,2014
317,2014-01-22 00:00:00,20140122,2014-01-22,4,22,22,1,2014,2014
318,2012-03-30 00:00:00,20120330,2012-03-30,6,30,90,3,2012,2012
319,2012-05-11 00:00:00,20120511,2012-05-11,6,11,132,5,2012,2012
320,2012-08-05 00:00:00,20120805,2012-08-05,1,5,218,8,2012,2012
321,2013-05-27 00:00:00,20130527,2013-05-27,2,27,147,5,2013,2013
322,2011-10-14 00:00:00,20111014,2011-10-14,6,14,287,10,2011,2011
323,2011-11-30 00:00:00,20111130,2011-11-30,4,30,334,11,2011,2011
324,2012-06-13 00:00:00,20120613,2012-06-13,4,13,165,6,2012,2012
325,2013-06-26 00:00:00,20130626,2013-06-26,4,26,177,6,2013,2013
326,2014-01-31 00:00:00,20140131,2014-01-31,6,31,31,1,2014,2014
327,2012-07-01 00:00:00,20120701,2012-07-01,1,1,183,7,2012,2012
328,2012-08-10 00:00:00,20120810,2012-08-10,6,10,223,8,2012,2012
329,2013-06-14 00:00:00,20130614,2013-06-14,6,14,165,6,2013,2013
330,2014-02-19 00:00:00,20140219,2014-02-19,4,19,50,2,2014,2014
331,2014-01-21 00:00:00,20140121,2014-01-21,3,21,21,1,2014,2014
332,2011-10-27 00:00:00,20111027,2011-10-27,5,27,300,10,2011,2011
333,2012-02-14 00:00:00,20120214,2012-02-14,3,14,45,2,2012,2012
334,2012-07-15 00:00:00,20120715,2012-07-15,1,15,197,7,2012,2012
335,2012-09-22 00:00:00,20120922,2012-09-22,7,22,266,9,2012,2012
336,2013-04-25 00:00:00,20130425,2013-04-25,5,25,115,4,2013,2013
337,2013-07-29 00:00:00,20130729,2013-07-29,2,29,210,7,2013,2013
338,2014-04-14 00:00:00,20140414,2014-04-14,2,14,104,4,2014,2014
339,2012-01-25 00:00:00,20120125,2012-01-25,4,25,25,1,2012,2012
340,2012-06-21 00:00:00,20120621,2012-06-21,5,21,173,6,2012,2012
341,2013-04-07 00:00:00,20130407,2013-04-07,1,7,97,4,2013,2013
342,2013-10-16 00:00:00,20131016,2013-10-16,4,16,289,10,2013,2013
343,2013-11-12 00:00:00,20131112,2013-11-12,3,12,316,11,2013,2013
344,2014-02-09 00:00:00,20140209,2014-02-09,1,9,40,2,2014,2014
345,2011-08-15 00:00:00,20110815,2011-08-15,2,15,227,8,2011,2011
346,2011-10-23 00:00:00,20111023,2011-10-23,1,23,296,10,2011,2011
347,2013-08-17 00:00:00,20130817,2013-08-17,7,17,229,8,2013,2013
348,2014-05-09 00:00:00,20140509,2014-05-09,6,9,129,5,2014,2014
349,2011-10-22 00:00:00,20111022,2011-10-22,7,22,295,10,2011,2011
350,2011-11-09 00:00:00,20111109,2011-11-09,4,9,313,11,2011,2011
351,2012-01-26 00:00:00,20120126,2012-01-26,5,26,26,1,2012,2012
352,2013-05-09 00:00:00,20130509,2013-05-09,5,9,129,5,2013,2013
353,2014-02-05 00:00:00,20140205,2014-02-05,4,5,36,2,2014,2014
354,2011-07-15 00:00:00,20110715,2011-07-15,6,15,196,7,2011,2011
355,2012-09-30 00:00:00,20120930,2012-09-30,1,30,274,9,2012,2012
356,2013-12-27 00:00:00,20131227,2013-12-27,6,27,361,12,2013,2013
357,2011-06-12 00:00:00,20110612,2011-06-12,1,12,163,6,2011,2011
358,2011-12-05 00:00:00,20111205,2011-12-05,2,5,339,12,2011,2011
359,2012-07-03 00:00:00,20120703,2012-07-03,3,3,185,7,2012,2012
360,2012-08-14 00:00:00,20120814,2012-08-14,3,14,227,8,2012,2012
361,2013-11-27 00:00:00,20131127,2013-11-27,4,27,331,11,2013,2013
362,2013-12-20 00:00:00,20131220,2013-12-20,6,20,354,12,2013,2013
363,2011-07-12 00:00:00,20110712,2011-07-12,3,12,193,7,2011,2011
364,2012-07-27 00:00:00,20120727,2012-07-27,6,27,209,7,2012,2012
365,2013-04-24 00:00:00,20130424,2013-04-24,4,24,114,4,2013,2013
366,2013-08-07 00:00:00,20130807,2013-08-07,4,7,219,8,2013,2013
367,2013-06-11 00:00:00,20130611,2013-06-11,3,11,162,6,2013,2013
368,2014-02-28 00:00:00,20140228,2014-02-28,6,28,59,2,2014,2014
369,2012-07-10 00:00:00,20120710,2012-07-10,3,10,192,7,2012,2012
370,2012-11-14 00:00:00,20121114,2012-11-14,4,14,319,11,2012,2012
371,2012-11-29 00:00:00,20121129,2012-11-29,5,29,334,11,2012,2012
372,2012-12-26 00:00:00,20121226,2012-12-26,4,26,361,12,2012,2012
373,2013-10-29 00:00:00,20131029,2013-10-29,3,29,302,10,2013,2013
374,2013-11-06 00:00:00,20131106,2013-11-06,4,6,310,11,2013,2013
375,2013-11-18 00:00:00,20131118,2013-11-18,2,18,322,11,2013,2013
376,2013-11-22 00:00:00,20131122,2013-11-22,6,22,326,11,2013,2013
377,2011-08-01 00:00:00,20110801,2011-08-01,2,1,213,8,2011,2011
378,2011-09-02 00:00:00,20110902,2011-09-02,6,2,245,9,2011,2011
379,2013-01-31 00:00:00,20130131,2013-01-31,5,31,31,1,2013,2013
380,2013-02-17 00:00:00,20130217,2013-02-17,1,17,48,2,2013,2013
381,2013-07-14 00:00:00,20130714,2013-07-14,1,14,195,7,2013,2013
382,2011-09-03 00:00:00,20110903,2011-09-03,7,3,246,9,2011,2011
383,2011-09-18 00:00:00,20110918,2011-09-18,1,18,261,9,2011,2011
384,2011-09-24 00:00:00,20110924,2011-09-24,7,24,267,9,2011,2011
385,2013-02-18 00:00:00,20130218,2013-02-18,2,18,49,2,2013,2013
386,2013-06-12 00:00:00,20130612,2013-06-12,4,12,163,6,2013,2013
387,2013-10-31 00:00:00,20131031,2013-10-31,5,31,304,10,2013,2013
388,2014-02-20 00:00:00,20140220,2014-02-20,5,20,51,2,2014,2014
389,2014-02-27 00:00:00,20140227,2014-02-27,5,27,58,2,2014,2014
390,2012-01-28 00:00:00,20120128,2012-01-28,7,28,28,1,2012,2012
391,2012-06-12 00:00:00,20120612,2012-06-12,3,12,164,6,2012,2012
392,2012-08-22 00:00:00,20120822,2012-08-22,4,22,235,8,2012,2012
393,2013-02-08 00:00:00,20130208,2013-02-08,6,8,39,2,2013,2013
394,2013-08-03 00:00:00,20130803,2013-08-03,7,3,215,8,2013,2013
395,2014-02-10 00:00:00,20140210,2014-02-10,2,10,41,2,2014,2014
396,2011-10-12 00:00:00,20111012,2011-10-12,4,12,285,10,2011,2011
397,2012-07-06 00:00:00,20120706,2012-07-06,6,6,188,7,2012,2012
398,2012-09-10 00:00:00,20120910,2012-09-10,2,10,254,9,2012,2012
399,2013-04-10 00:00:00,20130410,2013-04-10,4,10,100,4,2013,2013
400,2013-05-08 00:00:00,20130508,2013-05-08,4,8,128,5,2013,2013
401,2013-05-24 00:00:00,20130524,2013-05-24,6,24,144,5,2013,2013
402,2013-09-10 00:00:00,20130910,2013-09-10,3,10,253,9,2013,2013
403,2014-02-24 00:00:00,20140224,2014-02-24,2,24,55,2,2014,2014
404,2012-06-08 00:00:00,20120608,2012-06-08,6,8,160,6,2012,2012
405,2013-10-11 00:00:00,20131011,2013-10-11,6,11,284,10,2013,2013
406,2014-01-02 00:00:00,20140102,2014-01-02,5,2,2,1,2014,2014
407,2014-01-23 00:00:00,20140123,2014-01-23,5,23,23,1,2014,2014
408,2011-06-10 00:00:00,20110610,2011-06-10,6,10,161,6,2011,2011
409,2012-01-05 00:00:00,20120105,2012-01-05,5,5,5,1,2012,2012
410,2013-02-05 00:00:00,20130205,2013-02-05,3,5,36,2,2013,2013
411,2014-01-19 00:00:00,20140119,2014-01-19,1,19,19,1,2014,2014
412,2013-05-10 00:00:00,20130510,2013-05-10,6,10,130,5,2013,2013
413,2013-06-23 00:00:00,20130623,2013-06-23,1,23,174,6,2013,2013
414,2012-01-18 00:00:00,20120118,2012-01-18,4,18,18,1,2012,2012
415,2012-09-18 00:00:00,20120918,2012-09-18,3,18,262,9,2012,2012
416,2012-09-29 00:00:00,20120929,2012-09-29,7,29,273,9,2012,2012
417,2013-10-08 00:00:00,20131008,2013-10-08,3,8,281,10,2013,2013
418,2014-03-24 00:00:00,20140324,2014-03-24,2,24,83,3,2014,2014
419,2012-06-26 00:00:00,20120626,2012-06-26,3,26,178,6,2012,2012
420,2012-10-02 00:00:00,20121002,2012-10-02,3,2,276,10,2012,2012
421,2013-04-19 00:00:00,20130419,2013-04-19,6,19,109,4,2013,2013
422,2014-03-20 00:00:00,20140320,2014-03-20,5,20,79,3,2014,2014
423,2014-04-29 00:00:00,20140429,2014-04-29,3,29,119,4,2014,2014
424,2014-06-02 00:00:00,20140602,2014-06-02,2,2,153,6,2014,2014
425,2011-10-06 00:00:00,20111006,2011-10-06,5,6,279,10,2011,2011
426,2012-06-07 00:00:00,20120607,2012-06-07,5,7,159,6,2012,2012
427,2012-10-12 00:00:00,20121012,2012-10-12,6,12,286,10,2012,2012
428,2013-10-21 00:00:00,20131021,2013-10-21,2,21,294,10,2013,2013
429,2014-04-28 00:00:00,20140428,2014-04-28,2,28,118,4,2014,2014
430,2011-08-29 00:00:00,20110829,2011-08-29,2,29,241,8,2011,2011
431,2012-05-09 00:00:00,20120509,2012-05-09,4,9,130,5,2012,2012
432,2013-08-05 00:00:00,20130805,2013-08-05,2,5,217,8,2013,2013
433,2012-06-06 00:00:00,20120606,2012-06-06,4,6,158,6,2012,2012
434,2012-10-23 00:00:00,20121023,2012-10-23,3,23,297,10,2012,2012
435,2013-05-04 00:00:00,20130504,2013-05-04,7,4,124,5,2013,2013
436,2014-04-25 00:00:00,20140425,2014-04-25,6,25,115,4,2014,2014
437,2011-09-13 00:00:00,20110913,2011-09-13,3,13,256,9,2011,2011
438,2012-01-17 00:00:00,20120117,2012-01-17,3,17,17,1,2012,2012
439,2013-10-10 00:00:00,20131010,2013-10-10,5,10,283,10,2013,2013
440,2011-09-14 00:00:00,20110914,2011-09-14,4,14,257,9,2011,2011
441,2012-11-05 00:00:00,20121105,2012-11-05,2,5,310,11,2012,2012
442,2013-10-06 00:00:00,20131006,2013-10-06,1,6,279,10,2013,2013
443,2011-12-29 00:00:00,20111229,2011-12-29,5,29,363,12,2011,2011
444,2012-01-29 00:00:00,20120129,2012-01-29,1,29,29,1,2012,2012
445,2012-06-03 00:00:00,20120603,2012-06-03,1,3,155,6,2012,2012
446,2012-08-20 00:00:00,20120820,2012-08-20,2,20,233,8,2012,2012
447,2013-01-11 00:00:00,20130111,2013-01-11,6,11,11,1,2013,2013
448,2014-01-01 00:00:00,20140101,2014-01-01,4,1,1,1,2014,2014
449,2014-02-04 00:00:00,20140204,2014-02-04,3,4,35,2,2014,2014
450,2014-05-14 00:00:00,20140514,2014-05-14,4,14,134,5,2014,2014
451,2013-11-24 00:00:00,20131124,2013-11-24,1,24,328,11,2013,2013
452,2011-10-10 00:00:00,20111010,2011-10-10,2,10,283,10,2011,2011
453,2012-06-17 00:00:00,20120617,2012-06-17,1,17,169,6,2012,2012
454,2012-08-25 00:00:00,20120825,2012-08-25,7,25,238,8,2012,2012
455,2013-03-06 00:00:00,20130306,2013-03-06,4,6,65,3,2013,2013
456,2014-02-03 00:00:00,20140203,2014-02-03,2,3,34,2,2014,2014
457,2014-05-27 00:00:00,20140527,2014-05-27,3,27,147,5,2014,2014
458,2012-08-26 00:00:00,20120826,2012-08-26,1,26,239,8,2012,2012
459,2012-10-25 00:00:00,20121025,2012-10-25,5,25,299,10,2012,2012
460,2013-03-31 00:00:00,20130331,2013-03-31,1,31,90,3,2013,2013
461,2013-06-24 00:00:00,20130624,2013-06-24,2,24,175,6,2013,2013
462,2013-11-17 00:00:00,20131117,2013-11-17,1,17,321,11,2013,2013
463,2012-03-03 00:00:00,20120303,2012-03-03,7,3,63,3,2012,2012
464,2012-03-07 00:00:00,20120307,2012-03-07,4,7,67,3,2012,2012
465,2012-04-10 00:00:00,20120410,2012-04-10,3,10,101,4,2012,2012
466,2012-07-17 00:00:00,20120717,2012-07-17,3,17,199,7,2012,2012
467,2013-05-25 00:00:00,20130525,2013-05-25,7,25,145,5,2013,2013
468,2013-12-09 00:00:00,20131209,2013-12-09,2,9,343,12,2013,2013
469,2014-04-15 00:00:00,20140415,2014-04-15,3,15,105,4,2014,2014
470,2012-08-18 00:00:00,20120818,2012-08-18,7,18,231,8,2012,2012
471,2013-01-29 00:00:00,20130129,2013-01-29,3,29,29,1,2013,2013
472,2013-02-01 00:00:00,20130201,2013-02-01,6,1,32,2,2013,2013
473,2014-01-14 00:00:00,20140114,2014-01-14,3,14,14,1,2014,2014
474,2014-03-07 00:00:00,20140307,2014-03-07,6,7,66,3,2014,2014
475,2014-06-29 00:00:00,20140629,2014-06-29,1,29,180,6,2014,2014
476,2012-09-17 00:00:00,20120917,2012-09-17,2,17,261,9,2012,2012
477,2012-12-02 00:00:00,20121202,2012-12-02,1,2,337,12,2012,2012
478,2013-03-09 00:00:00,20130309,2013-03-09,7,9,68,3,2013,2013
479,2011-11-01 00:00:00,20111101,2011-11-01,3,1,305,11,2011,2011
480,2013-02-16 00:00:00,20130216,2013-02-16,7,16,47,2,2013,2013
481,2013-09-08 00:00:00,20130908,2013-09-08,1,8,251,9,2013,2013
482,2013-12-24 00:00:00,20131224,2013-12-24,3,24,358,12,2013,2013
483,2012-02-16 00:00:00,20120216,2012-02-16,5,16,47,2,2012,2012
484,2013-12-07 00:00:00,20131207,2013-12-07,7,7,341,12,2013,2013
485,2014-05-13 00:00:00,20140513,2014-05-13,3,13,133,5,2014,2014
486,2012-02-15 00:00:00,20120215,2012-02-15,4,15,46,2,2012,2012
487,2013-02-27 00:00:00,20130227,2013-02-27,4,27,58,2,2013,2013
488,2013-03-18 00:00:00,20130318,2013-03-18,2,18,77,3,2013,2013
489,2011-07-24 00:00:00,20110724,2011-07-24,1,24,205,7,2011,2011
490,2012-11-03 00:00:00,20121103,2012-11-03,7,3,308,11,2012,2012
491,2012-12-29 00:00:00,20121229,2012-12-29,7,29,364,12,2012,2012
492,2013-01-05 00:00:00,20130105,2013-01-05,7,5,5,1,2013,2013
493,2013-05-21 00:00:00,20130521,2013-05-21,3,21,141,5,2013,2013
494,2013-06-29 00:00:00,20130629,2013-06-29,7,29,180,6,2013,2013
495,2013-10-23 00:00:00,20131023,2013-10-23,4,23,296,10,2013,2013
496,2012-06-09 00:00:00,20120609,2012-06-09,7,9,161,6,2012,2012
497,2012-07-24 00:00:00,20120724,2012-07-24,3,24,206,7,2012,2012
498,2014-05-07 00:00:00,20140507,2014-05-07,4,7,127,5,2014,2014
499,2011-08-22 00:00:00,20110822,2011-08-22,2,22,234,8,2011,2011
500,2012-02-29 00:00:00,20120229,2012-02-29,4,29,60,2,2012,2012
501,2012-04-15 00:00:00,20120415,2012-04-15,1,15,106,4,2012,2012
502,2012-12-11 00:00:00,20121211,2012-12-11,3,11,346,12,2012,2012
503,2013-09-18 00:00:00,20130918,2013-09-18,4,18,261,9,2013,2013
504,2011-07-19 00:00:00,20110719,2011-07-19,3,19,200,7,2011,2011
505,2012-03-10 00:00:00,20120310,2012-03-10,7,10,70,3,2012,2012
506,2012-05-20 00:00:00,20120520,2012-05-20,1,20,141,5,2012,2012
507,2013-04-27 00:00:00,20130427,2013-04-27,7,27,117,4,2013,2013
508,2013-11-26 00:00:00,20131126,2013-11-26,3,26,330,11,2013,2013
509,2014-06-19 00:00:00,20140619,2014-06-19,5,19,170,6,2014,2014
510,2011-06-14 00:00:00,20110614,2011-06-14,3,14,165,6,2011,2011
511,2013-08-24 00:00:00,20130824,2013-08-24,7,24,236,8,2013,2013
512,2013-09-21 00:00:00,20130921,2013-09-21,7,21,264,9,2013,2013
513,2013-10-19 00:00:00,20131019,2013-10-19,7,19,292,10,2013,2013
514,2014-06-15 00:00:00,20140615,2014-06-15,1,15,166,6,2014,2014
515,2014-06-28 00:00:00,20140628,2014-06-28,7,28,179,6,2014,2014
516,2013-01-21 00:00:00,20130121,2013-01-21,2,21,21,1,2013,2013
517,2013-08-20 00:00:00,20130820,2013-08-20,3,20,232,8,2013,2013
518,2011-09-21 00:00:00,20110921,2011-09-21,4,21,264,9,2011,2011
519,2011-10-31 00:00:00,20111031,2011-10-31,2,31,304,10,2011,2011
520,2011-11-28 00:00:00,20111128,2011-11-28,2,28,332,11,2011,2011
521,2013-07-02 00:00:00,20130702,2013-07-02,3,2,183,7,2013,2013
522,2014-06-09 00:00:00,20140609,2014-06-09,2,9,160,6,2014,2014
523,2012-04-16 00:00:00,20120416,2012-04-16,2,16,107,4,2012,2012
524,2012-10-03 00:00:00,20121003,2012-10-03,4,3,277,10,2012,2012
525,2012-12-04 00:00:00,20121204,2012-12-04,3,4,339,12,2012,2012
526,2012-12-09 00:00:00,20121209,2012-12-09,1,9,344,12,2012,2012
527,2013-01-15 00:00:00,20130115,2013-01-15,3,15,15,1,2013,2013
528,2013-06-02 00:00:00,20130602,2013-06-02,1,2,153,6,2013,2013
529,2014-03-28 00:00:00,20140328,2014-03-28,6,28,87,3,2014,2014
530,2014-05-17 00:00:00,20140517,2014-05-17,7,17,137,5,2014,2014
531,2011-11-20 00:00:00,20111120,2011-11-20,1,20,324,11,2011,2011
532,2013-07-26 00:00:00,20130726,2013-07-26,6,26,207,7,2013,2013
533,2013-10-07 00:00:00,20131007,2013-10-07,2,7,280,10,2013,2013
534,2012-11-13 00:00:00,20121113,2012-11-13,3,13,318,11,2012,2012
535,2013-05-26 00:00:00,20130526,2013-05-26,1,26,146,5,2013,2013
536,2013-09-04 00:00:00,20130904,2013-09-04,4,4,247,9,2013,2013
537,2013-11-20 00:00:00,20131120,2013-11-20,4,20,324,11,2013,2013
538,2013-02-03 00:00:00,20130203,2013-02-03,1,3,34,2,2013,2013
539,2011-08-24 00:00:00,20110824,2011-08-24,4,24,236,8,2011,2011
540,2012-08-16 00:00:00,20120816,2012-08-16,5,16,229,8,2012,2012
541,2012-08-19 00:00:00,20120819,2012-08-19,1,19,232,8,2012,2012
542,2013-06-21 00:00:00,20130621,2013-06-21,6,21,172,6,2013,2013
543,2014-05-08 00:00:00,20140508,2014-05-08,5,8,128,5,2014,2014
544,2014-06-04 00:00:00,20140604,2014-06-04,4,4,155,6,2014,2014
545,2012-04-01 00:00:00,20120401,2012-04-01,1,1,92,4,2012,2012
546,2012-10-22 00:00:00,20121022,2012-10-22,2,22,296,10,2012,2012
547,2013-03-25 00:00:00,20130325,2013-03-25,2,25,84,3,2013,2013
548,2013-11-25 00:00:00,20131125,2013-11-25,2,25,329,11,2013,2013
549,2014-02-11 00:00:00,20140211,2014-02-11,3,11,42,2,2014,2014
550,2011-07-29 00:00:00,20110729,2011-07-29,6,29,210,7,2011,2011
551,2011-08-28 00:00:00,20110828,2011-08-28,1,28,240,8,2011,2011
552,2012-06-22 00:00:00,20120622,2012-06-22,6,22,174,6,2012,2012
553,2013-01-13 00:00:00,20130113,2013-01-13,1,13,13,1,2013,2013
554,2013-12-22 00:00:00,20131222,2013-12-22,1,22,356,12,2013,2013
555,2014-01-26 00:00:00,20140126,2014-01-26,1,26,26,1,2014,2014
556,2014-01-27 00:00:00,20140127,2014-01-27,2,27,27,1,2014,2014
557,2014-03-29 00:00:00,20140329,2014-03-29,7,29,88,3,2014,2014
558,2013-02-20 00:00:00,20130220,2013-02-20,4,20,51,2,2013,2013
559,2011-06-07 00:00:00,20110607,2011-06-07,3,7,158,6,2011,2011
560,2011-06-17 00:00:00,20110617,2011-06-17,6,17,168,6,2011,2011
561,2012-02-17 00:00:00,20120217,2012-02-17,6,17,48,2,2012,2012
562,2012-05-23 00:00:00,20120523,2012-05-23,4,23,144,5,2012,2012
563,2012-09-05 00:00:00,20120905,2012-09-05,4,5,249,9,2012,2012
564,2014-03-22 00:00:00,20140322,2014-03-22,7,22,81,3,2014,2014
565,2011-12-30 00:00:00,20111230,2011-12-30,6,30,364,12,2011,2011
566,2014-01-09 00:00:00,20140109,2014-01-09,5,9,9,1,2014,2014
567,2013-04-03 00:00:00,20130403,2013-04-03,4,3,93,4,2013,2013
568,2011-08-19 00:00:00,20110819,2011-08-19,6,19,231,8,2011,2011
569,2012-01-08 00:00:00,20120108,2012-01-08,1,8,8,1,2012,2012
570,2013-08-18 00:00:00,20130818,2013-08-18,1,18,230,8,2013,2013
571,2014-04-19 00:00:00,20140419,2014-04-19,7,19,109,4,2014,2014
572,2011-08-06 00:00:00,20110806,2011-08-06,7,6,218,8,2011,2011
573,2012-03-11 00:00:00,20120311,2012-03-11,1,11,71,3,2012,2012
574,2013-08-19 00:00:00,20130819,2013-08-19,2,19,231,8,2013,2013
575,2011-06-08 00:00:00,20110608,2011-06-08,4,8,159,6,2011,2011
576,2011-09-01 00:00:00,20110901,2011-09-01,5,1,244,9,2011,2011
577,2011-12-28 00:00:00,20111228,2011-12-28,4,28,362,12,2011,2011
578,2012-04-13 00:00:00,20120413,2012-04-13,6,13,104,4,2012,2012
579,2012-09-19 00:00:00,20120919,2012-09-19,4,19,263,9,2012,2012
580,2013-03-26 00:00:00,20130326,2013-03-26,3,26,85,3,2013,2013
581,2014-02-15 00:00:00,20140215,2014-02-15,7,15,46,2,2014,2014
582,2014-06-17 00:00:00,20140617,2014-06-17,3,17,168,6,2014,2014
583,2012-06-28 00:00:00,20120628,2012-06-28,5,28,180,6,2012,2012
584,2013-04-16 00:00:00,20130416,2013-04-16,3,16,106,4,2013,2013
585,2013-12-28 00:00:00,20131228,2013-12-28,7,28,362,12,2013,2013
586,2011-09-30 00:00:00,20110930,2011-09-30,6,30,273,9,2011,2011
587,2011-12-25 00:00:00,20111225,2011-12-25,1,25,359,12,2011,2011
588,2012-08-17 00:00:00,20120817,2012-08-17,6,17,230,8,2012,2012
589,2012-10-14 00:00:00,20121014,2012-10-14,1,14,288,10,2012,2012
590,2013-10-25 00:00:00,20131025,2013-10-25,6,25,298,10,2013,2013
591,2011-10-21 00:00:00,20111021,2011-10-21,6,21,294,10,2011,2011
592,2012-06-11 00:00:00,20120611,2012-06-11,2,11,163,6,2012,2012
593,2012-08-02 00:00:00,20120802,2012-08-02,5,2,215,8,2012,2012
594,2012-10-10 00:00:00,20121010,2012-10-10,4,10,284,10,2012,2012
595,2011-11-05 00:00:00,20111105,2011-11-05,7,5,309,11,2011,2011
596,2011-12-02 00:00:00,20111202,2011-12-02,6,2,336,12,2011,2011
597,2011-12-04 00:00:00,20111204,2011-12-04,1,4,338,12,2011,2011
598,2012-04-14 00:00:00,20120414,2012-04-14,7,14,105,4,2012,2012
599,2013-06-05 00:00:00,20130605,2013-06-05,4,5,156,6,2013,2013
600,2013-11-11 00:00:00,20131111,2013-11-11,2,11,315,11,2013,2013
601,2014-05-31 00:00:00,20140531,2014-05-31,7,31,151,5,2014,2014
602,2012-05-31 00:00:00,20120531,2012-05-31,5,31,152,5,2012,2012
603,2012-01-23 00:00:00,20120123,2012-01-23,2,23,23,1,2012,2012
604,2012-09-07 00:00:00,20120907,2012-09-07,6,7,251,9,2012,2012
605,2012-10-26 00:00:00,20121026,2012-10-26,6,26,300,10,2012,2012
606,2013-04-13 00:00:00,20130413,2013-04-13,7,13,103,4,2013,2013
607,2013-06-25 00:00:00,20130625,2013-06-25,3,25,176,6,2013,2013
608,2013-12-15 00:00:00,20131215,2013-12-15,1,15,349,12,2013,2013
609,2011-09-28 00:00:00,20110928,2011-09-28,4,28,271,9,2011,2011
610,2011-10-16 00:00:00,20111016,2011-10-16,1,16,289,10,2011,2011
611,2012-02-11 00:00:00,20120211,2012-02-11,7,11,42,2,2012,2012
612,2012-08-29 00:00:00,20120829,2012-08-29,4,29,242,8,2012,2012
613,2013-07-18 00:00:00,20130718,2013-07-18,5,18,199,7,2013,2013
614,2012-11-15 00:00:00,20121115,2012-11-15,5,15,320,11,2012,2012
615,2012-12-17 00:00:00,20121217,2012-12-17,2,17,352,12,2012,2012
616,2012-12-20 00:00:00,20121220,2012-12-20,5,20,355,12,2012,2012
617,2012-12-23 00:00:00,20121223,2012-12-23,1,23,358,12,2012,2012
618,2013-08-02 00:00:00,20130802,2013-08-02,6,2,214,8,2013,2013
619,2013-10-09 00:00:00,20131009,2013-10-09,4,9,282,10,2013,2013
620,2011-08-17 00:00:00,20110817,2011-08-17,4,17,229,8,2011,2011
621,2012-12-19 00:00:00,20121219,2012-12-19,4,19,354,12,2012,2012
622,2013-08-01 00:00:00,20130801,2013-08-01,5,1,213,8,2013,2013
623,2014-04-24 00:00:00,20140424,2014-04-24,5,24,114,4,2014,2014
624,2012-03-01 00:00:00,20120301,2012-03-01,5,1,61,3,2012,2012
625,2012-03-31 00:00:00,20120331,2012-03-31,7,31,91,3,2012,2012
626,2013-06-13 00:00:00,20130613,2013-06-13,5,13,164,6,2013,2013
627,2014-03-27 00:00:00,20140327,2014-03-27,5,27,86,3,2014,2014
628,2012-04-08 00:00:00,20120408,2012-04-08,1,8,99,4,2012,2012
629,2013-02-19 00:00:00,20130219,2013-02-19,3,19,50,2,2013,2013
630,2013-03-30 00:00:00,20130330,2013-03-30,7,30,89,3,2013,2013
631,2011-06-01 00:00:00,20110601,2011-06-01,4,1,152,6,2011,2011
632,2011-10-01 00:00:00,20111001,2011-10-01,7,1,274,10,2011,2011
633,2011-12-24 00:00:00,20111224,2011-12-24,7,24,358,12,2011,2011
634,2012-09-08 00:00:00,20120908,2012-09-08,7,8,252,9,2012,2012
635,2013-06-08 00:00:00,20130608,2013-06-08,7,8,159,6,2013,2013
636,2013-07-23 00:00:00,20130723,2013-07-23,3,23,204,7,2013,2013
637,2011-11-17 00:00:00,20111117,2011-11-17,5,17,321,11,2011,2011
638,2013-12-16 00:00:00,20131216,2013-12-16,2,16,350,12,2013,2013
639,2012-04-30 00:00:00,20120430,2012-04-30,2,30,121,4,2012,2012
640,2013-03-11 00:00:00,20130311,2013-03-11,2,11,70,3,2013,2013
641,2012-03-24 00:00:00,20120324,2012-03-24,7,24,84,3,2012,2012
642,2013-06-20 00:00:00,20130620,2013-06-20,5,20,171,6,2013,2013
643,2011-10-02 00:00:00,20111002,2011-10-02,1,2,275,10,2011,2011
644,2012-03-13 00:00:00,20120313,2012-03-13,3,13,73,3,2012,2012
645,2013-11-30 00:00:00,20131130,2013-11-30,7,30,334,11,2013,2013
646,2013-12-05 00:00:00,20131205,2013-12-05,5,5,339,12,2013,2013
647,2014-01-11 00:00:00,20140111,2014-01-11,7,11,11,1,2014,2014
648,2011-07-09 00:00:00,20110709,2011-07-09,7,9,190,7,2011,2011
649,2012-03-28 00:00:00,20120328,2012-03-28,4,28,88,3,2012,2012
650,2012-04-07 00:00:00,20120407,2012-04-07,7,7,98,4,2012,2012
651,2012-06-27 00:00:00,20120627,2012-06-27,4,27,179,6,2012,2012
652,2012-09-21 00:00:00,20120921,2012-09-21,6,21,265,9,2012,2012
653,2013-03-10 00:00:00,20130310,2013-03-10,1,10,69,3,2013,2013
654,2012-10-29 00:00:00,20121029,2012-10-29,2,29,303,10,2012,2012
655,2012-02-03 00:00:00,20120203,2012-02-03,6,3,34,2,2012,2012
656,2013-04-08 00:00:00,20130408,2013-04-08,2,8,98,4,2013,2013
657,2011-11-22 00:00:00,20111122,2011-11-22,3,22,326,11,2011,2011
658,2012-04-29 00:00:00,20120429,2012-04-29,1,29,120,4,2012,2012
659,2012-10-04 00:00:00,20121004,2012-10-04,5,4,278,10,2012,2012
660,2012-11-11 00:00:00,20121111,2012-11-11,1,11,316,11,2012,2012
661,2013-06-03 00:00:00,20130603,2013-06-03,2,3,154,6,2013,2013
662,2014-03-02 00:00:00,20140302,2014-03-02,1,2,61,3,2014,2014
663,2014-05-30 00:00:00,20140530,2014-05-30,6,30,150,5,2014,2014
664,2011-06-28 00:00:00,20110628,2011-06-28,3,28,179,6,2011,2011
665,2011-10-04 00:00:00,20111004,2011-10-04,3,4,277,10,2011,2011
666,2011-11-11 00:00:00,20111111,2011-11-11,6,11,315,11,2011,2011
667,2012-01-01 00:00:00,20120101,2012-01-01,1,1,1,1,2012,2012
668,2012-02-21 00:00:00,20120221,2012-02-21,3,21,52,2,2012,2012
669,2012-05-29 00:00:00,20120529,2012-05-29,3,29,150,5,2012,2012
670,2013-01-25 00:00:00,20130125,2013-01-25,6,25,25,1,2013,2013
671,2011-07-23 00:00:00,20110723,2011-07-23,7,23,204,7,2011,2011
672,2011-11-18 00:00:00,20111118,2011-11-18,6,18,322,11,2011,2011
673,2012-01-15 00:00:00,20120115,2012-01-15,1,15,15,1,2012,2012
674,2012-03-05 00:00:00,20120305,2012-03-05,2,5,65,3,2012,2012
675,2012-11-17 00:00:00,20121117,2012-11-17,7,17,322,11,2012,2012
676,2012-11-18 00:00:00,20121118,2012-11-18,1,18,323,11,2012,2012
677,2013-09-09 00:00:00,20130909,2013-09-09,2,9,252,9,2013,2013
678,2014-01-06 00:00:00,20140106,2014-01-06,2,6,6,1,2014,2014
679,2011-07-22 00:00:00,20110722,2011-07-22,6,22,203,7,2011,2011
680,2011-09-05 00:00:00,20110905,2011-09-05,2,5,248,9,2011,2011
681,2012-01-04 00:00:00,20120104,2012-01-04,4,4,4,1,2012,2012
682,2012-05-02 00:00:00,20120502,2012-05-02,4,2,123,5,2012,2012
683,2012-05-13 00:00:00,20120513,2012-05-13,1,13,134,5,2012,2012
684,2012-07-21 00:00:00,20120721,2012-07-21,7,21,203,7,2012,2012
685,2012-09-06 00:00:00,20120906,2012-09-06,5,6,250,9,2012,2012
686,2013-02-04 00:00:00,20130204,2013-02-04,2,4,35,2,2013,2013
687,2013-07-28 00:00:00,20130728,2013-07-28,1,28,209,7,2013,2013
688,2011-06-03 00:00:00,20110603,2011-06-03,6,3,154,6,2011,2011
689,2011-07-31 00:00:00,20110731,2011-07-31,1,31,212,7,2011,2011
690,2013-02-28 00:00:00,20130228,2013-02-28,5,28,59,2,2013,2013
691,2013-06-17 00:00:00,20130617,2013-06-17,2,17,168,6,2013,2013
692,2013-11-04 00:00:00,20131104,2013-11-04,2,4,308,11,2013,2013
693,2013-02-21 00:00:00,20130221,2013-02-21,5,21,52,2,2013,2013
694,2013-04-05 00:00:00,20130405,2013-04-05,6,5,95,4,2013,2013
695,2011-07-21 00:00:00,20110721,2011-07-21,5,21,202,7,2011,2011
696,2012-10-16 00:00:00,20121016,2012-10-16,3,16,290,10,2012,2012
697,2014-01-05 00:00:00,20140105,2014-01-05,1,5,5,1,2014,2014
698,2011-07-10 00:00:00,20110710,2011-07-10,1,10,191,7,2011,2011
699,2011-10-03 00:00:00,20111003,2011-10-03,2,3,276,10,2011,2011
700,2012-01-31 00:00:00,20120131,2012-01-31,3,31,31,1,2012,2012
701,2012-03-19 00:00:00,20120319,2012-03-19,2,19,79,3,2012,2012
702,2013-02-15 00:00:00,20130215,2013-02-15,6,15,46,2,2013,2013
703,2013-05-31 00:00:00,20130531,2013-05-31,6,31,151,5,2013,2013
704,2013-10-05 00:00:00,20131005,2013-10-05,7,5,278,10,2013,2013
705,2011-06-22 00:00:00,20110622,2011-06-22,4,22,173,6,2011,2011
706,2011-09-09 00:00:00,20110909,2011-09-09,6,9,252,9,2011,2011
707,2012-12-24 00:00:00,20121224,2012-12-24,2,24,359,12,2012,2012
708,2013-08-12 00:00:00,20130812,2013-08-12,2,12,224,8,2013,2013
709,2011-11-21 00:00:00,20111121,2011-11-21,2,21,325,11,2011,2011
710,2013-07-21 00:00:00,20130721,2013-07-21,1,21,202,7,2013,2013
711,2011-06-11 00:00:00,20110611,2011-06-11,7,11,162,6,2011,2011
712,2012-03-09 00:00:00,20120309,2012-03-09,6,9,69,3,2012,2012
713,2012-05-24 00:00:00,20120524,2012-05-24,5,24,145,5,2012,2012
714,2012-06-18 00:00:00,20120618,2012-06-18,2,18,170,6,2012,2012
715,2012-10-31 00:00:00,20121031,2012-10-31,4,31,305,10,2012,2012
716,2012-11-28 00:00:00,20121128,2012-11-28,4,28,333,11,2012,2012
717,2012-12-15 00:00:00,20121215,2012-12-15,7,15,350,12,2012,2012
718,2013-04-14 00:00:00,20130414,2013-04-14,1,14,104,4,2013,2013
719,2013-05-07 00:00:00,20130507,2013-05-07,3,7,127,5,2013,2013
720,2013-10-22 00:00:00,20131022,2013-10-22,3,22,295,10,2013,2013
721,2011-10-05 00:00:00,20111005,2011-10-05,4,5,278,10,2011,2011
722,2011-12-08 00:00:00,20111208,2011-12-08,5,8,342,12,2011,2011
723,2012-03-26 00:00:00,20120326,2012-03-26,2,26,86,3,2012,2012
724,2011-11-08 00:00:00,20111108,2011-11-08,3,8,312,11,2011,2011
725,2013-02-14 00:00:00,20130214,2013-02-14,5,14,45,2,2013,2013
726,2014-05-04 00:00:00,20140504,2014-05-04,1,4,124,5,2014,2014
727,2011-07-13 00:00:00,20110713,2011-07-13,4,13,194,7,2011,2011
728,2011-08-10 00:00:00,20110810,2011-08-10,4,10,222,8,2011,2011
729,2011-09-26 00:00:00,20110926,2011-09-26,2,26,269,9,2011,2011
730,2012-08-15 00:00:00,20120815,2012-08-15,4,15,228,8,2012,2012
731,2012-10-18 00:00:00,20121018,2012-10-18,5,18,292,10,2012,2012
732,2013-03-28 00:00:00,20130328,2013-03-28,5,28,87,3,2013,2013
733,2011-11-15 00:00:00,20111115,2011-11-15,3,15,319,11,2011,2011
734,2012-01-20 00:00:00,20120120,2012-01-20,6,20,20,1,2012,2012
735,2012-03-15 00:00:00,20120315,2012-03-15,5,15,75,3,2012,2012
736,2014-01-16 00:00:00,20140116,2014-01-16,5,16,16,1,2014,2014
737,2014-05-21 00:00:00,20140521,2014-05-21,4,21,141,5,2014,2014
738,2013-08-14 00:00:00,20130814,2013-08-14,4,14,226,8,2013,2013
739,2011-12-06 00:00:00,20111206,2011-12-06,3,6,340,12,2011,2011
740,2013-07-10 00:00:00,20130710,2013-07-10,4,10,191,7,2013,2013
741,2012-06-02 00:00:00,20120602,2012-06-02,7,2,154,6,2012,2012
742,2012-07-08 00:00:00,20120708,2012-07-08,1,8,190,7,2012,2012
743,2012-08-21 00:00:00,20120821,2012-08-21,3,21,234,8,2012,2012
744,2012-10-21 00:00:00,20121021,2012-10-21,1,21,295,10,2012,2012
745,2013-04-28 00:00:00,20130428,2013-04-28,1,28,118,4,2013,2013
746,2013-09-26 00:00:00,20130926,2013-09-26,5,26,269,9,2013,2013
747,2011-11-23 00:00:00,20111123,2011-11-23,4,23,327,11,2011,2011
748,2012-05-01 00:00:00,20120501,2012-05-01,3,1,122,5,2012,2012
749,2012-07-30 00:00:00,20120730,2012-07-30,2,30,212,7,2012,2012
750,2013-06-18 00:00:00,20130618,2013-06-18,3,18,169,6,2013,2013
751,2014-02-13 00:00:00,20140213,2014-02-13,5,13,44,2,2014,2014
752,2011-11-16 00:00:00,20111116,2011-11-16,4,16,320,11,2011,2011
753,2012-07-29 00:00:00,20120729,2012-07-29,1,29,211,7,2012,2012
754,2012-09-27 00:00:00,20120927,2012-09-27,5,27,271,9,2012,2012
755,2012-12-14 00:00:00,20121214,2012-12-14,6,14,349,12,2012,2012
756,2013-03-14 00:00:00,20130314,2013-03-14,5,14,73,3,2013,2013
757,2011-10-29 00:00:00,20111029,2011-10-29,7,29,302,10,2011,2011
758,2012-02-26 00:00:00,20120226,2012-02-26,1,26,57,2,2012,2012
759,2012-03-21 00:00:00,20120321,2012-03-21,4,21,81,3,2012,2012
760,2013-01-18 00:00:00,20130118,2013-01-18,6,18,18,1,2013,2013
761,2013-06-16 00:00:00,20130616,2013-06-16,1,16,167,6,2013,2013
762,2013-09-06 00:00:00,20130906,2013-09-06,6,6,249,9,2013,2013
763,2011-12-09 00:00:00,20111209,2011-12-09,6,9,343,12,2011,2011
764,2011-12-31 00:00:00,20111231,2011-12-31,7,31,365,12,2011,2011
765,2012-06-25 00:00:00,20120625,2012-06-25,2,25,177,6,2012,2012
766,2013-08-28 00:00:00,20130828,2013-08-28,4,28,240,8,2013,2013
767,2013-09-12 00:00:00,20130912,2013-09-12,5,12,255,9,2013,2013
768,2014-04-22 00:00:00,20140422,2014-04-22,3,22,112,4,2014,2014
769,2014-05-16 00:00:00,20140516,2014-05-16,6,16,136,5,2014,2014
770,2014-06-06 00:00:00,20140606,2014-06-06,6,6,157,6,2014,2014
771,2011-07-06 00:00:00,20110706,2011-07-06,4,6,187,7,2011,2011
772,2012-04-27 00:00:00,20120427,2012-04-27,6,27,118,4,2012,2012
773,2012-10-07 00:00:00,20121007,2012-10-07,1,7,281,10,2012,2012
774,2012-10-30 00:00:00,20121030,2012-10-30,3,30,304,10,2012,2012
775,2013-03-23 00:00:00,20130323,2013-03-23,7,23,82,3,2013,2013
776,2011-08-12 00:00:00,20110812,2011-08-12,6,12,224,8,2011,2011
777,2011-11-14 00:00:00,20111114,2011-11-14,2,14,318,11,2011,2011
778,2012-11-25 00:00:00,20121125,2012-11-25,1,25,330,11,2012,2012
779,2014-04-01 00:00:00,20140401,2014-04-01,3,1,91,4,2014,2014
780,2014-06-16 00:00:00,20140616,2014-06-16,2,16,167,6,2014,2014
781,2012-09-23 00:00:00,20120923,2012-09-23,1,23,267,9,2012,2012
782,2013-03-05 00:00:00,20130305,2013-03-05,3,5,64,3,2013,2013
783,2013-08-10 00:00:00,20130810,2013-08-10,7,10,222,8,2013,2013
784,2011-09-16 00:00:00,20110916,2011-09-16,6,16,259,9,2011,2011
785,2011-10-19 00:00:00,20111019,2011-10-19,4,19,292,10,2011,2011
786,2013-09-01 00:00:00,20130901,2013-09-01,1,1,244,9,2013,2013
787,2014-03-01 00:00:00,20140301,2014-03-01,7,1,60,3,2014,2014
788,2014-05-18 00:00:00,20140518,2014-05-18,1,18,138,5,2014,2014
789,2011-10-20 00:00:00,20111020,2011-10-20,5,20,293,10,2011,2011
790,2012-02-20 00:00:00,20120220,2012-02-20,2,20,51,2,2012,2012
791,2012-03-02 00:00:00,20120302,2012-03-02,6,2,62,3,2012,2012
792,2012-07-20 00:00:00,20120720,2012-07-20,6,20,202,7,2012,2012
793,2012-10-01 00:00:00,20121001,2012-10-01,2,1,275,10,2012,2012
794,2014-02-23 00:00:00,20140223,2014-02-23,1,23,54,2,2014,2014
795,2014-06-20 00:00:00,20140620,2014-06-20,6,20,171,6,2014,2014
796,2011-12-18 00:00:00,20111218,2011-12-18,1,18,352,12,2011,2011
797,2012-01-30 00:00:00,20120130,2012-01-30,2,30,30,1,2012,2012
798,2012-11-04 00:00:00,20121104,2012-11-04,1,4,309,11,2012,2012
799,2013-03-03 00:00:00,20130303,2013-03-03,1,3,62,3,2013,2013
800,2014-03-09 00:00:00,20140309,2014-03-09,1,9,68,3,2014,2014
801,2011-06-09 00:00:00,20110609,2011-06-09,5,9,160,6,2011,2011
802,2011-12-22 00:00:00,20111222,2011-12-22,5,22,356,12,2011,2011
803,2012-01-03 00:00:00,20120103,2012-01-03,3,3,3,1,2012,2012
804,2012-12-18 00:00:00,20121218,2012-12-18,3,18,353,12,2012,2012
805,2013-03-27 00:00:00,20130327,2013-03-27,4,27,86,3,2013,2013
806,2013-02-26 00:00:00,20130226,2013-02-26,3,26,57,2,2013,2013
807,2013-07-07 00:00:00,20130707,2013-07-07,1,7,188,7,2013,2013
808,2013-12-25 00:00:00,20131225,2013-12-25,4,25,359,12,2013,2013
809,2011-06-15 00:00:00,20110615,2011-06-15,4,15,166,6,2011,2011
810,2012-02-05 00:00:00,20120205,2012-02-05,1,5,36,2,2012,2012
811,2013-03-21 00:00:00,20130321,2013-03-21,5,21,80,3,2013,2013
812,2013-04-17 00:00:00,20130417,2013-04-17,4,17,107,4,2013,2013
813,2013-07-11 00:00:00,20130711,2013-07-11,5,11,192,7,2013,2013
814,2013-09-28 00:00:00,20130928,2013-09-28,7,28,271,9,2013,2013
815,2012-02-13 00:00:00,20120213,2012-02-13,2,13,44,2,2012,2012
816,2012-04-26 00:00:00,20120426,2012-04-26,5,26,117,4,2012,2012
817,2011-08-05 00:00:00,20110805,2011-08-05,6,5,217,8,2011,2011
818,2012-03-16 00:00:00,20120316,2012-03-16,6,16,76,3,2012,2012
819,2012-07-05 00:00:00,20120705,2012-07-05,5,5,187,7,2012,2012
820,2013-12-02 00:00:00,20131202,2013-12-02,2,2,336,12,2013,2013
821,2014-05-25 00:00:00,20140525,2014-05-25,1,25,145,5,2014,2014
822,2014-06-30 00:00:00,20140630,2014-06-30,2,30,181,6,2014,2014
823,2011-08-25 00:00:00,20110825,2011-08-25,5,25,237,8,2011,2011
824,2012-01-12 00:00:00,20120112,2012-01-12,5,12,12,1,2012,2012
825,2011-06-25 00:00:00,20110625,2011-06-25,7,25,176,6,2011,2011
826,2012-04-21 00:00:00,20120421,2012-04-21,7,21,112,4,2012,2012
827,2012-08-30 00:00:00,20120830,2012-08-30,5,30,243,8,2012,2012
828,2012-09-20 00:00:00,20120920,2012-09-20,5,20,264,9,2012,2012
829,2013-12-17 00:00:00,20131217,2013-12-17,3,17,351,12,2013,2013
830,2011-06-23 00:00:00,20110623,2011-06-23,5,23,174,6,2011,2011
831,2012-02-25 00:00:00,20120225,2012-02-25,7,25,56,2,2012,2012
832,2013-04-12 00:00:00,20130412,2013-04-12,6,12,102,4,2013,2013
833,2013-11-09 00:00:00,20131109,2013-11-09,7,9,313,11,2013,2013
834,2011-08-31 00:00:00,20110831,2011-08-31,4,31,243,8,2011,2011
835,2011-11-10 00:00:00,20111110,2011-11-10,5,10,314,11,2011,2011
836,2012-01-21 00:00:00,20120121,2012-01-21,7,21,21,1,2012,2012
837,2012-09-14 00:00:00,20120914,2012-09-14,6,14,258,9,2012,2012
838,2014-01-10 00:00:00,20140110,2014-01-10,6,10,10,1,2014,2014
839,2011-05-31 00:00:00,20110531,2011-05-31,3,31,151,5,2011,2011
840,2012-05-08 00:00:00,20120508,2012-05-08,3,8,129,5,2012,2012
841,2012-05-18 00:00:00,20120518,2012-05-18,6,18,139,5,2012,2012
842,2013-07-08 00:00:00,20130708,2013-07-08,2,8,189,7,2013,2013
843,2013-10-27 00:00:00,20131027,2013-10-27,1,27,300,10,2013,2013
844,2014-05-06 00:00:00,20140506,2014-05-06,3,6,126,5,2014,2014
845,2011-08-04 00:00:00,20110804,2011-08-04,5,4,216,8,2011,2011
846,2012-06-23 00:00:00,20120623,2012-06-23,7,23,175,6,2012,2012
847,2013-04-18 00:00:00,20130418,2013-04-18,5,18,108,4,2013,2013
848,2013-09-27 00:00:00,20130927,2013-09-27,6,27,270,9,2013,2013
849,2012-01-11 00:00:00,20120111,2012-01-11,4,11,11,1,2012,2012
850,2012-01-16 00:00:00,20120116,2012-01-16,2,16,16,1,2012,2012
851,2012-01-24 00:00:00,20120124,2012-01-24,3,24,24,1,2012,2012
852,2012-08-03 00:00:00,20120803,2012-08-03,6,3,216,8,2012,2012
853,2013-07-05 00:00:00,20130705,2013-07-05,6,5,186,7,2013,2013
854,2013-11-05 00:00:00,20131105,2013-11-05,3,5,309,11,2013,2013
855,2011-06-16 00:00:00,20110616,2011-06-16,5,16,167,6,2011,2011
856,2011-12-21 00:00:00,20111221,2011-12-21,4,21,355,12,2011,2011
857,2012-11-26 00:00:00,20121126,2012-11-26,2,26,331,11,2012,2012
858,2012-12-31 00:00:00,20121231,2012-12-31,2,31,366,12,2012,2012
859,2013-09-14 00:00:00,20130914,2013-09-14,7,14,257,9,2013,2013
860,2011-10-11 00:00:00,20111011,2011-10-11,3,11,284,10,2011,2011
861,2012-02-18 00:00:00,20120218,2012-02-18,7,18,49,2,2012,2012
862,2012-08-11 00:00:00,20120811,2012-08-11,7,11,224,8,2012,2012
863,2012-06-10 00:00:00,20120610,2012-06-10,1,10,162,6,2012,2012
864,2013-01-22 00:00:00,20130122,2013-01-22,3,22,22,1,2013,2013
865,2013-07-16 00:00:00,20130716,2013-07-16,3,16,197,7,2013,2013
866,2012-11-20 00:00:00,20121120,2012-11-20,3,20,325,11,2012,2012
867,2014-01-13 00:00:00,20140113,2014-01-13,2,13,13,1,2014,2014
868,2012-06-04 00:00:00,20120604,2012-06-04,2,4,156,6,2012,2012
869,2013-05-30 00:00:00,20130530,2013-05-30,5,30,150,5,2013,2013
870,2013-07-24 00:00:00,20130724,2013-07-24,4,24,205,7,2013,2013
871,2013-08-15 00:00:00,20130815,2013-08-15,5,15,227,8,2013,2013
872,2013-07-31 00:00:00,20130731,2013-07-31,4,31,212,7,2013,2013
873,2011-12-10 00:00:00,20111210,2011-12-10,7,10,344,12,2011,2011
874,2012-05-12 00:00:00,20120512,2012-05-12,7,12,133,5,2012,2012
875,2012-05-15 00:00:00,20120515,2012-05-15,3,15,136,5,2012,2012
876,2012-07-13 00:00:00,20120713,2012-07-13,6,13,195,7,2012,2012
877,2012-07-19 00:00:00,20120719,2012-07-19,5,19,201,7,2012,2012
878,2012-08-09 00:00:00,20120809,2012-08-09,5,9,222,8,2012,2012
879,2013-09-19 00:00:00,20130919,2013-09-19,5,19,262,9,2013,2013
880,2011-06-18 00:00:00,20110618,2011-06-18,7,18,169,6,2011,2011
881,2012-04-20 00:00:00,20120420,2012-04-20,6,20,111,4,2012,2012
882,2012-07-09 00:00:00,20120709,2012-07-09,2,9,191,7,2012,2012
883,2013-06-22 00:00:00,20130622,2013-06-22,7,22,173,6,2013,2013
884,2013-12-04 00:00:00,20131204,2013-12-04,4,4,338,12,2013,2013
885,2012-07-23 00:00:00,20120723,2012-07-23,2,23,205,7,2012,2012
886,2012-11-08 00:00:00,20121108,2012-11-08,5,8,313,11,2012,2012
887,2013-11-28 00:00:00,20131128,2013-11-28,5,28,332,11,2013,2013
888,2014-04-16 00:00:00,20140416,2014-04-16,4,16,106,4,2014,2014
889,2011-07-14 00:00:00,20110714,2011-07-14,5,14,195,7,2011,2011
890,2012-10-15 00:00:00,20121015,2012-10-15,2,15,289,10,2012,2012
891,2013-04-21 00:00:00,20130421,2013-04-21,1,21,111,4,2013,2013
892,2013-11-02 00:00:00,20131102,2013-11-02,7,2,306,11,2013,2013
893,2013-11-10 00:00:00,20131110,2013-11-10,1,10,314,11,2013,2013
894,2014-01-20 00:00:00,20140120,2014-01-20,2,20,20,1,2014,2014
895,2012-04-03 00:00:00,20120403,2012-04-03,3,3,94,4,2012,2012
896,2012-01-07 00:00:00,20120107,2012-01-07,7,7,7,1,2012,2012
897,2013-08-04 00:00:00,20130804,2013-08-04,1,4,216,8,2013,2013
898,2013-09-15 00:00:00,20130915,2013-09-15,1,15,258,9,2013,2013
899,2012-02-10 00:00:00,20120210,2012-02-10,6,10,41,2,2012,2012
900,2012-09-13 00:00:00,20120913,2012-09-13,5,13,257,9,2012,2012
901,2013-08-16 00:00:00,20130816,2013-08-16,6,16,228,8,2013,2013
902,2011-09-04 00:00:00,20110904,2011-09-04,1,4,247,9,2011,2011
903,2011-12-26 00:00:00,20111226,2011-12-26,2,26,360,12,2011,2011
904,2013-01-17 00:00:00,20130117,2013-01-17,5,17,17,1,2013,2013
905,2013-01-19 00:00:00,20130119,2013-01-19,7,19,19,1,2013,2013
906,2013-04-01 00:00:00,20130401,2013-04-01,2,1,91,4,2013,2013
907,2012-04-09 00:00:00,20120409,2012-04-09,2,9,100,4,2012,2012
908,2012-11-24 00:00:00,20121124,2012-11-24,7,24,329,11,2012,2012
909,2014-03-15 00:00:00,20140315,2014-03-15,7,15,74,3,2014,2014
910,2012-01-10 00:00:00,20120110,2012-01-10,3,10,10,1,2012,2012
911,2012-05-04 00:00:00,20120504,2012-05-04,6,4,125,5,2012,2012
912,2012-07-07 00:00:00,20120707,2012-07-07,7,7,189,7,2012,2012
913,2013-05-12 00:00:00,20130512,2013-05-12,1,12,132,5,2013,2013
914,2014-02-07 00:00:00,20140207,2014-02-07,6,7,38,2,2014,2014
915,2014-04-13 00:00:00,20140413,2014-04-13,1,13,103,4,2014,2014
916,2011-07-28 00:00:00,20110728,2011-07-28,5,28,209,7,2011,2011
917,2012-04-05 00:00:00,20120405,2012-04-05,5,5,96,4,2012,2012
918,2012-11-07 00:00:00,20121107,2012-11-07,4,7,312,11,2012,2012
919,2013-03-13 00:00:00,20130313,2013-03-13,4,13,72,3,2013,2013
920,2013-10-13 00:00:00,20131013,2013-10-13,1,13,286,10,2013,2013
921,2013-07-17 00:00:00,20130717,2013-07-17,4,17,198,7,2013,2013
922,2013-08-29 00:00:00,20130829,2013-08-29,5,29,241,8,2013,2013
923,2013-09-29 00:00:00,20130929,2013-09-29,1,29,272,9,2013,2013
924,2014-01-04 00:00:00,20140104,2014-01-04,7,4,4,1,2014,2014
925,2011-12-11 00:00:00,20111211,2011-12-11,1,11,345,12,2011,2011
926,2011-12-19 00:00:00,20111219,2011-12-19,2,19,353,12,2011,2011
927,2012-04-17 00:00:00,20120417,2012-04-17,3,17,108,4,2012,2012
928,2012-08-01 00:00:00,20120801,2012-08-01,4,1,214,8,2012,2012
929,2012-08-13 00:00:00,20120813,2012-08-13,2,13,226,8,2012,2012
930,2014-06-18 00:00:00,20140618,2014-06-18,4,18,169,6,2014,2014
931,2014-06-21 00:00:00,20140621,2014-06-21,7,21,172,6,2014,2014
932,2011-10-18 00:00:00,20111018,2011-10-18,3,18,291,10,2011,2011
933,2012-12-13 00:00:00,20121213,2012-12-13,5,13,348,12,2012,2012
934,2011-08-30 00:00:00,20110830,2011-08-30,3,30,242,8,2011,2011
935,2012-01-02 00:00:00,20120102,2012-01-02,2,2,2,1,2012,2012
936,2013-03-19 00:00:00,20130319,2013-03-19,3,19,78,3,2013,2013
937,2013-06-04 00:00:00,20130604,2013-06-04,3,4,155,6,2013,2013
938,2013-08-08 00:00:00,20130808,2013-08-08,5,8,220,8,2013,2013
939,2014-05-19 00:00:00,20140519,2014-05-19,2,19,139,5,2014,2014
940,2014-06-10 00:00:00,20140610,2014-06-10,3,10,161,6,2014,2014
941,2011-08-13 00:00:00,20110813,2011-08-13,7,13,225,8,2011,2011
942,2011-12-23 00:00:00,20111223,2011-12-23,6,23,357,12,2011,2011
943,2012-07-18 00:00:00,20120718,2012-07-18,4,18,200,7,2012,2012
944,2012-08-31 00:00:00,20120831,2012-08-31,6,31,244,8,2012,2012
945,2013-02-23 00:00:00,20130223,2013-02-23,7,23,54,2,2013,2013
946,2013-05-11 00:00:00,20130511,2013-05-11,7,11,131,5,2013,2013
947,2013-08-21 00:00:00,20130821,2013-08-21,4,21,233,8,2013,2013
948,2011-09-06 00:00:00,20110906,2011-09-06,3,6,249,9,2011,2011
949,2012-06-05 00:00:00,20120605,2012-06-05,3,5,157,6,2012,2012
950,2012-09-28 00:00:00,20120928,2012-09-28,6,28,272,9,2012,2012
951,2014-02-16 00:00:00,20140216,2014-02-16,1,16,47,2,2014,2014
952,2011-12-12 00:00:00,20111212,2011-12-12,2,12,346,12,2011,2011
953,2011-07-07 00:00:00,20110707,2011-07-07,5,7,188,7,2011,2011
954,2012-11-30 00:00:00,20121130,2012-11-30,6,30,335,11,2012,2012
955,2013-03-08 00:00:00,20130308,2013-03-08,6,8,67,3,2013,2013
956,2013-05-01 00:00:00,20130501,2013-05-01,4,1,121,5,2013,2013
957,2013-06-06 00:00:00,20130606,2013-06-06,5,6,157,6,2013,2013
958,2014-06-12 00:00:00,20140612,2014-06-12,5,12,163,6,2014,2014
959,2011-07-05 00:00:00,20110705,2011-07-05,3,5,186,7,2011,2011
960,2011-10-09 00:00:00,20111009,2011-10-09,1,9,282,10,2011,2011
961,2011-12-15 00:00:00,20111215,2011-12-15,5,15,349,12,2011,2011
962,2012-04-11 00:00:00,20120411,2012-04-11,4,11,102,4,2012,2012
963,2012-07-26 00:00:00,20120726,2012-07-26,5,26,208,7,2012,2012
964,2013-01-07 00:00:00,20130107,2013-01-07,2,7,7,1,2013,2013
965,2013-05-03 00:00:00,20130503,2013-05-03,6,3,123,5,2013,2013
966,2013-06-27 00:00:00,20130627,2013-06-27,5,27,178,6,2013,2013
967,2013-07-01 00:00:00,20130701,2013-07-01,2,1,182,7,2013,2013
968,2014-01-18 00:00:00,20140118,2014-01-18,7,18,18,1,2014,2014
969,2014-03-13 00:00:00,20140313,2014-03-13,5,13,72,3,2014,2014
970,2014-05-05 00:00:00,20140505,2014-05-05,2,5,125,5,2014,2014
971,2012-03-27 00:00:00,20120327,2012-03-27,3,27,87,3,2012,2012
972,2013-04-04 00:00:00,20130404,2013-04-04,5,4,94,4,2013,2013
973,2013-04-23 00:00:00,20130423,2013-04-23,3,23,113,4,2013,2013
974,2013-11-03 00:00:00,20131103,2013-11-03,1,3,307,11,2013,2013
975,2013-12-08 00:00:00,20131208,2013-12-08,1,8,342,12,2013,2013
976,2011-08-08 00:00:00,20110808,2011-08-08,2,8,220,8,2011,2011
977,2012-07-25 00:00:00,20120725,2012-07-25,4,25,207,7,2012,2012
978,2013-10-14 00:00:00,20131014,2013-10-14,2,14,287,10,2013,2013
979,2013-12-13 00:00:00,20131213,2013-12-13,6,13,347,12,2013,2013
980,2012-03-12 00:00:00,20120312,2012-03-12,2,12,72,3,2012,2012
981,2012-03-18 00:00:00,20120318,2012-03-18,1,18,78,3,2012,2012
982,2014-03-31 00:00:00,20140331,2014-03-31,2,31,90,3,2014,2014
983,2014-04-12 00:00:00,20140412,2014-04-12,7,12,102,4,2014,2014
984,2014-04-10 00:00:00,20140410,2014-04-10,5,10,100,4,2014,2014
985,2014-04-27 00:00:00,20140427,2014-04-27,1,27,117,4,2014,2014
986,2011-09-12 00:00:00,20110912,2011-09-12,2,12,255,9,2011,2011
987,2011-09-17 00:00:00,20110917,2011-09-17,7,17,260,9,2011,2011
988,2012-11-22 00:00:00,20121122,2012-11-22,5,22,327,11,2012,2012
989,2013-02-11 00:00:00,20130211,2013-02-11,2,11,42,2,2013,2013
990,2013-05-15 00:00:00,20130515,2013-05-15,4,15,135,5,2013,2013
991,2013-09-16 00:00:00,20130916,2013-09-16,2,16,259,9,2013,2013
992,2014-06-07 00:00:00,20140607,2014-06-07,7,7,158,6,2014,2014
993,2013-01-20 00:00:00,20130120,2013-01-20,1,20,20,1,2013,2013
994,2013-07-30 00:00:00,20130730,2013-07-30,3,30,211,7,2013,2013
995,2013-04-22 00:00:00,20130422,2013-04-22,2,22,112,4,2013,2013
996,2013-06-09 00:00:00,20130609,2013-06-09,1,9,160,6,2013,2013
997,2013-09-07 00:00:00,20130907,2013-09-07,7,7,250,9,2013,2013
998,2013-06-07 00:00:00,20130607,2013-06-07,6,7,158,6,2013,2013
999,2011-07-17 00:00:00,20110717,2011-07-17,1,17,198,7,2011,2011
1000,2012-09-15 00:00:00,20120915,2012-09-15,7,15,259,9,2012,2012
1001,2013-08-09 00:00:00,20130809,2013-08-09,6,9,221,8,2013,2013
1002,2014-02-01 00:00:00,20140201,2014-02-01,7,1,32,2,2014,2014
1003,2011-12-20 00:00:00,20111220,2011-12-20,3,20,354,12,2011,2011
1004,2012-03-20 00:00:00,20120320,2012-03-20,3,20,80,3,2012,2012
1005,2012-04-22 00:00:00,20120422,2012-04-22,1,22,113,4,2012,2012
1006,2012-06-29 00:00:00,20120629,2012-06-29,6,29,181,6,2012,2012
1007,2013-01-02 00:00:00,20130102,2013-01-02,4,2,2,1,2013,2013
1008,2013-04-20 00:00:00,20130420,2013-04-20,7,20,110,4,2013,2013
1009,2013-11-29 00:00:00,20131129,2013-11-29,6,29,333,11,2013,2013
1010,2014-01-03 00:00:00,20140103,2014-01-03,6,3,3,1,2014,2014
1011,2014-02-17 00:00:00,20140217,2014-02-17,2,17,48,2,2014,2014
1012,2014-03-19 00:00:00,20140319,2014-03-19,4,19,78,3,2014,2014
1013,2014-04-21 00:00:00,20140421,2014-04-21,2,21,111,4,2014,2014
1014,2011-11-25 00:00:00,20111125,2011-11-25,6,25,329,11,2011,2011
1015,2012-02-01 00:00:00,20120201,2012-02-01,4,1,32,2,2012,2012
1016,2013-07-19 00:00:00,20130719,2013-07-19,6,19,200,7,2013,2013
1017,2013-09-13 00:00:00,20130913,2013-09-13,6,13,256,9,2013,2013
1018,2014-04-17 00:00:00,20140417,2014-04-17,5,17,107,4,2014,2014
1019,2014-05-01 00:00:00,20140501,2014-05-01,5,1,121,5,2014,2014
1020,2014-06-13 00:00:00,20140613,2014-06-13,6,13,164,6,2014,2014
1021,2011-06-02 00:00:00,20110602,2011-06-02,5,2,153,6,2011,2011
1022,2012-02-04 00:00:00,20120204,2012-02-04,7,4,35,2,2012,2012
1023,2012-06-19 00:00:00,20120619,2012-06-19,3,19,171,6,2012,2012
1024,2012-10-11 00:00:00,20121011,2012-10-11,5,11,285,10,2012,2012
1025,2013-10-02 00:00:00,20131002,2013-10-02,4,2,275,10,2013,2013
1026,2011-07-27 00:00:00,20110727,2011-07-27,4,27,208,7,2011,2011
1027,2011-09-20 00:00:00,20110920,2011-09-20,3,20,263,9,2011,2011
1028,2012-02-24 00:00:00,20120224,2012-02-24,6,24,55,2,2012,2012
1029,2012-04-28 00:00:00,20120428,2012-04-28,7,28,119,4,2012,2012
1030,2012-06-15 00:00:00,20120615,2012-06-15,6,15,167,6,2012,2012
1031,2012-07-04 00:00:00,20120704,2012-07-04,4,4,186,7,2012,2012
1032,2013-04-26 00:00:00,20130426,2013-04-26,6,26,116,4,2013,2013
1033,2013-06-19 00:00:00,20130619,2013-06-19,4,19,170,6,2013,2013
1034,2013-08-30 00:00:00,20130830,2013-08-30,6,30,242,8,2013,2013
1035,2011-07-18 00:00:00,20110718,2011-07-18,2,18,199,7,2011,2011
1036,2011-10-07 00:00:00,20111007,2011-10-07,6,7,280,10,2011,2011
1037,2012-08-06 00:00:00,20120806,2012-08-06,2,6,219,8,2012,2012
1038,2012-11-10 00:00:00,20121110,2012-11-10,7,10,315,11,2012,2012
1039,2011-06-21 00:00:00,20110621,2011-06-21,3,21,172,6,2011,2011
1040,2012-03-14 00:00:00,20120314,2012-03-14,4,14,74,3,2012,2012
1041,2012-10-09 00:00:00,20121009,2012-10-09,3,9,283,10,2012,2012
1042,2013-05-14 00:00:00,20130514,2013-05-14,3,14,134,5,2013,2013
1043,2013-08-25 00:00:00,20130825,2013-08-25,1,25,237,8,2013,2013
1044,2014-01-24 00:00:00,20140124,2014-01-24,6,24,24,1,2014,2014
1045,2014-02-25 00:00:00,20140225,2014-02-25,3,25,56,2,2014,2014
1046,2014-03-16 00:00:00,20140316,2014-03-16,1,16,75,3,2014,2014
1047,2011-06-20 00:00:00,20110620,2011-06-20,2,20,171,6,2011,2011
1048,2011-08-07 00:00:00,20110807,2011-08-07,1,7,219,8,2011,2011
1049,2012-11-27 00:00:00,20121127,2012-11-27,3,27,332,11,2012,2012
1050,2013-08-13 00:00:00,20130813,2013-08-13,3,13,225,8,2013,2013
1051,2013-10-28 00:00:00,20131028,2013-10-28,2,28,301,10,2013,2013
1052,2014-03-18 00:00:00,20140318,2014-03-18,3,18,77,3,2014,2014
1053,2012-05-25 00:00:00,20120525,2012-05-25,6,25,146,5,2012,2012
1054,2014-03-10 00:00:00,20140310,2014-03-10,2,10,69,3,2014,2014
1055,2014-05-03 00:00:00,20140503,2014-05-03,7,3,123,5,2014,2014
1056,2011-12-01 00:00:00,20111201,2011-12-01,5,1,335,12,2011,2011
1057,2012-12-16 00:00:00,20121216,2012-12-16,1,16,351,12,2012,2012
1058,2012-02-08 00:00:00,20120208,2012-02-08,4,8,39,2,2012,2012
1059,2012-11-01 00:00:00,20121101,2012-11-01,5,1,306,11,2012,2012
1060,2011-09-27 00:00:00,20110927,2011-09-27,3,27,270,9,2011,2011
1061,2011-11-06 00:00:00,20111106,2011-11-06,1,6,310,11,2011,2011
1062,2012-11-12 00:00:00,20121112,2012-11-12,2,12,317,11,2012,2012
1063,2014-01-15 00:00:00,20140115,2014-01-15,4,15,15,1,2014,2014
1064,2012-02-19 00:00:00,20120219,2012-02-19,1,19,50,2,2012,2012
1065,2012-10-19 00:00:00,20121019,2012-10-19,6,19,293,10,2012,2012
1066,2013-03-12 00:00:00,20130312,2013-03-12,3,12,71,3,2013,2013
1067,2013-10-17 00:00:00,20131017,2013-10-17,5,17,290,10,2013,2013
1068,2011-11-03 00:00:00,20111103,2011-11-03,5,3,307,11,2011,2011
1069,2012-09-26 00:00:00,20120926,2012-09-26,4,26,270,9,2012,2012
1070,2012-12-07 00:00:00,20121207,2012-12-07,6,7,342,12,2012,2012
1071,2012-04-12 00:00:00,20120412,2012-04-12,5,12,103,4,2012,2012
1072,2012-07-12 00:00:00,20120712,2012-07-12,5,12,194,7,2012,2012
1073,2012-07-16 00:00:00,20120716,2012-07-16,2,16,198,7,2012,2012
1074,2013-12-03 00:00:00,20131203,2013-12-03,3,3,337,12,2013,2013
1075,2012-11-19 00:00:00,20121119,2012-11-19,2,19,324,11,2012,2012
1076,2013-08-11 00:00:00,20130811,2013-08-11,1,11,223,8,2013,2013
1077,2014-04-26 00:00:00,20140426,2014-04-26,7,26,116,4,2014,2014
1078,2012-01-27 00:00:00,20120127,2012-01-27,6,27,27,1,2012,2012
1079,2012-07-31 00:00:00,20120731,2012-07-31,3,31,213,7,2012,2012
1080,2013-04-30 00:00:00,20130430,2013-04-30,3,30,120,4,2013,2013
1081,2014-05-22 00:00:00,20140522,2014-05-22,5,22,142,5,2014,2014
1082,2011-07-26 00:00:00,20110726,2011-07-26,3,26,207,7,2011,2011
1083,2012-04-06 00:00:00,20120406,2012-04-06,6,6,97,4,2012,2012
1084,2012-07-02 00:00:00,20120702,2012-07-02,2,2,184,7,2012,2012
1085,2012-11-23 00:00:00,20121123,2012-11-23,6,23,328,11,2012,2012
1086,2013-04-09 00:00:00,20130409,2013-04-09,3,9,99,4,2013,2013
1087,2013-12-31 00:00:00,20131231,2013-12-31,3,31,365,12,2013,2013
1088,2014-03-05 00:00:00,20140305,2014-03-05,4,5,64,3,2014,2014
1089,2012-03-22 00:00:00,20120322,2012-03-22,5,22,82,3,2012,2012
1090,2013-04-06 00:00:00,20130406,2013-04-06,7,6,96,4,2013,2013
1091,2013-12-29 00:00:00,20131229,2013-12-29,1,29,363,12,2013,2013
1092,2014-05-23 00:00:00,20140523,2014-05-23,6,23,143,5,2014,2014
1093,2012-11-16 00:00:00,20121116,2012-11-16,6,16,321,11,2012,2012
1094,2013-04-29 00:00:00,20130429,2013-04-29,2,29,119,4,2013,2013
1095,2013-07-27 00:00:00,20130727,2013-07-27,7,27,208,7,2013,2013
1096,2014-06-23 00:00:00,20140623,2014-06-23,2,23,174,6,2014,2014
1097,2011-07-02 00:00:00,20110702,2011-07-02,7,2,183,7,2011,2011
1098,2014-02-22 00:00:00,20140222,2014-02-22,7,22,53,2,2014,2014
1099,2011-11-02 00:00:00,20111102,2011-11-02,4,2,306,11,2011,2011
1100,2011-11-12 00:00:00,20111112,2011-11-12,7,12,316,11,2011,2011
1101,2012-05-19 00:00:00,20120519,2012-05-19,7,19,140,5,2012,2012
1102,2013-03-16 00:00:00,20130316,2013-03-16,7,16,75,3,2013,2013
1103,2011-08-16 00:00:00,20110816,2011-08-16,3,16,228,8,2011,2011
1104,2011-10-26 00:00:00,20111026,2011-10-26,4,26,299,10,2011,2011
1105,2011-11-04 00:00:00,20111104,2011-11-04,6,4,308,11,2011,2011
1106,2012-02-22 00:00:00,20120222,2012-02-22,4,22,53,2,2012,2012
1107,2012-04-02 00:00:00,20120402,2012-04-02,2,2,93,4,2012,2012
1108,2013-03-15 00:00:00,20130315,2013-03-15,6,15,74,3,2013,2013
1109,2013-09-11 00:00:00,20130911,2013-09-11,4,11,254,9,2013,2013
1110,2013-12-21 00:00:00,20131221,2013-12-21,7,21,355,12,2013,2013
1111,2014-03-26 00:00:00,20140326,2014-03-26,4,26,85,3,2014,2014
1112,2011-09-19 00:00:00,20110919,2011-09-19,2,19,262,9,2011,2011
1113,2012-02-02 00:00:00,20120202,2012-02-02,5,2,33,2,2012,2012
1114,2013-01-03 00:00:00,20130103,2013-01-03,5,3,3,1,2013,2013
1115,2011-10-15 00:00:00,20111015,2011-10-15,7,15,288,10,2011,2011
1116,2012-02-12 00:00:00,20120212,2012-02-12,1,12,43,2,2012,2012
1117,2012-03-04 00:00:00,20120304,2012-03-04,1,4,64,3,2012,2012
1118,2012-09-25 00:00:00,20120925,2012-09-25,3,25,269,9,2012,2012
1119,2013-05-19 00:00:00,20130519,2013-05-19,1,19,139,5,2013,2013
1120,2013-08-22 00:00:00,20130822,2013-08-22,5,22,234,8,2013,2013
1121,2013-08-27 00:00:00,20130827,2013-08-27,3,27,239,8,2013,2013
1122,2013-09-03 00:00:00,20130903,2013-09-03,3,3,246,9,2013,2013
1123,2013-09-24 00:00:00,20130924,2013-09-24,3,24,267,9,2013,2013
1124,2014-06-14 00:00:00,20140614,2014-06-14,7,14,165,6,2014,2014
